gis_join,cluster_id,time_ms,iterations,rmse
G5300710,40,3970,3,4.312002
G0600390,24,4035,2,8.396414
G4001390,16,4863,3,6.495428
G3100850,7,6914,3,6.442775
G3100530,51,7100,2,8.519079
G5300350,19,7197,2,3.981580
G5400870,20,7368,2,7.146000
G0500870,22,7836,2,7.567140
G4201270,41,8124,2,6.490643
G3400370,4,9086,2,6.327891
G0600210,14,9232,2,5.571436
G1200770,18,9211,2,8.570526
G4801650,3,9312,3,6.662134
G0101170,15,9101,2,7.940243
G1600810,54,9454,1,6.045577
G2001510,55,10023,3,6.368652
G5400830,48,10999,2,7.217585
G5300470,25,10900,2,4.637418
G3100830,52,10673,2,6.662153
G4802970,6,11335,2,7.473026
G2901610,35,11583,2,8.125033
G2101230,34,11620,2,7.546067
G5501390,30,11800,2,6.935525
G0800030,36,11808,2,8.015129
G3701930,50,12168,2,7.808437
G5500670,49,12288,2,7.796800
G2800110,38,12048,2,7.103158
G3600110,53,12319,2,5.938922
G0600830,10,12698,2,6.660398
G2601530,45,12662,2,5.783217
G2200890,11,12649,2,7.138400
G0800150,28,12925,3,9.130419
G2200110,1,13723,2,8.027405
G4701550,9,10229,2,7.457751
G3800690,29,14685,2,6.829330
G4601370,31,14914,2,7.525183
G4000190,44,14846,2,7.136495
G4804750,42,15360,3,7.333171
G1701170,13,15023,2,7.401936
G3901750,0,15275,2,6.460050
G1900630,26,15536,2,8.368725
G0600170,24,10466,2,6.775328
G4900430,43,15708,2,7.614818
G4803810,16,10123,3,5.972506
G4700570,40,10561,2,7.404613
G3000110,39,15257,2,7.184949
G2000130,12,10458,2,8.260584
G2300210,17,15917,2,6.644403
G1600350,33,15963,3,4.971256
G3500130,37,15934,3,6.734027
G4001430,27,16098,2,7.019516
G4100550,8,16294,3,3.866294
G2200310,46,16043,2,7.701803
G0400170,23,16364,3,5.346990
G3200330,2,16160,2,4.025849
G2400250,21,10179,2,7.520593
G3701170,5,10066,2,7.797660
G3100570,7,9800,3,5.938596
G5500510,51,9757,2,7.785048
G5300290,19,9867,2,0.940047
G5401070,20,9903,2,7.426304
G4600810,47,18573,3,7.917147
G5400510,41,10237,2,7.722935
G0501290,22,10378,2,7.881182
G4200110,4,10578,2,7.197025
G0600530,14,10300,2,5.875283
G1200830,18,10254,2,8.468251
G3101070,32,14888,2,8.592409
G2000090,55,9612,3,6.833510
G3100810,52,9420,2,7.787698
G5400250,25,9655,2,7.668132
G0201100,48,9684,2,4.161789
G1200270,6,9668,2,7.888876
G2900150,35,9746,2,8.067290
G2901860,34,9850,2,8.146915
G0500690,38,9693,2,7.536295
G1900370,30,9837,2,7.973244
G0800270,36,9800,2,7.690455
G4200270,49,9952,2,6.441609
G4803990,10,9716,2,7.315332
G4000570,50,9959,3,5.928933
G2600070,45,9745,2,4.980460
G3600890,53,10068,2,6.281676
G2200990,11,9856,2,6.988980
G0800470,28,9896,2,6.663909
G4803050,3,13837,3,6.374045
G1302470,15,13838,2,6.994294
G3100090,9,10243,2,6.363713
G1600850,54,13815,2,5.251390
G2101190,40,10771,2,6.814010
G0800090,16,10774,3,6.160876
G1901290,12,10761,2,8.221594
G0600190,24,11353,2,9.313330
G4200450,21,11000,2,7.129746
G5101170,5,10986,2,8.071883
G2001710,7,10660,3,6.308403
G4100510,19,10695,2,4.270860
G3101670,51,10954,2,8.619837
G2101850,20,10676,2,7.284538
G2201270,1,15076,2,7.969683
G2001130,22,10846,2,7.476806
G4200730,41,11097,2,6.920368
G3800790,29,15195,2,7.641778
G3800010,31,15121,2,7.096434
G3600870,4,11273,2,6.222466
G1800470,0,14954,2,7.112500
G1701690,13,15008,2,7.030745
G3701970,44,15079,2,7.309245
G0600970,14,11407,2,5.617922
G3101110,39,14775,2,6.440260
G2700150,26,15149,2,9.712063
G0400190,42,15273,3,6.702701
G4802830,18,11458,2,7.524294
G2800030,27,15249,2,7.560298
G2601030,17,15189,2,6.662764
G0600350,33,15370,3,3.718712
G5300630,8,15264,3,4.398841
G3500050,37,15390,3,6.043519
G1302930,46,15288,2,7.906769
G0800710,23,15301,2,6.621259
G3100790,52,10815,2,7.026328
G3700390,55,10920,2,7.500891
G4900170,2,15178,2,6.793661
G5300190,25,10877,2,4.369036
G0201300,48,11126,2,4.108356
G1200690,6,10793,2,8.159383
G2901450,35,10689,2,7.668695
G1701630,34,10763,2,7.575975
G0500790,38,10579,2,7.365442
G0800350,36,10548,2,6.311970
G2700550,30,10634,2,8.361455
G4900390,43,17186,2,6.729850
G3700270,50,10475,2,7.733748
G2601430,49,10440,2,5.877112
G0600790,10,10419,2,6.201951
G5000070,45,10211,2,6.423267
G3900770,53,10229,2,6.317091
G2200550,11,10192,2,7.564712
G3101570,47,14379,2,6.242081
G0801190,28,10086,2,8.197355
G1600010,9,9308,3,3.623265
G4800110,16,9512,3,6.174811
G2100530,40,9685,2,7.362642
G4600570,32,16630,3,9.722311
G1901730,12,9626,2,9.354430
G0600430,24,9655,2,7.856793
G5100010,21,9546,2,4.773019
G5107400,5,9533,2,6.926693
G3101350,7,9630,3,6.428072
G3700370,15,14002,2,8.591859
G5300550,19,9444,2,3.101912
G2100770,20,9382,2,7.739956
G0400250,3,14412,3,5.775313
G3000390,54,13685,2,6.102218
G4001030,22,10183,3,6.970150
G2601130,41,10174,2,5.129438
G0900150,4,11126,2,6.566666
G4601170,51,12147,3,8.111838
G0600750,14,11096,3,2.431886
G4803230,18,11485,2,7.659895
G3101290,52,11766,2,7.185247
G2001350,55,11796,3,6.352728
G5300370,25,11664,3,3.649382
G5400930,48,11795,2,6.833675
G4800610,6,11656,2,6.389297
G2000170,35,11750,2,7.628690
G1701510,34,11666,2,7.943058
G4803870,38,11603,2,7.127013
G0800590,36,11598,2,6.503011
G1901130,30,11376,2,7.740300
G4802650,10,11545,2,7.317672
G2600510,45,11515,2,5.614595
G2000250,50,11612,3,6.600953
G0801050,28,11558,2,8.792947
G5000110,53,11552,2,6.390351
G4802450,11,11586,2,7.031145
G2200370,1,14951,2,8.456424
G4000010,44,14823,2,7.659944
G3900310,0,15043,2,7.493620
G1900570,13,14958,2,7.387700
G3000650,39,14962,3,6.774002
G4802350,42,14902,3,7.237744
G3300190,49,12975,3,6.592154
G4200510,17,14895,2,7.094895
G0400030,37,14691,3,6.850778
G2101570,27,14926,2,7.596816
G5300410,8,14797,2,4.582476
G3701730,9,10984,2,7.459818
G1600390,33,15054,3,4.764224
G2200130,46,15024,2,7.690353
G0801010,23,14903,3,5.901579
G4900150,2,15038,2,5.722981
G2701070,29,16819,2,9.792901
G4600410,31,16753,3,8.168753
G2700310,26,17144,3,9.750797
G4800650,16,10732,3,6.024107
G2100130,40,10702,2,6.840682
G1901790,12,10548,2,8.919599
G3100450,47,14764,2,6.295876
G4900310,43,15014,2,6.669009
G3400210,21,10465,2,7.490938
G3701070,5,10148,2,7.664882
G2002030,7,9831,3,6.846528
G4100110,19,9333,2,4.933699
G1700790,20,9390,2,7.002285
G4701750,22,9248,2,6.877313
G4201290,41,9405,2,7.093075
G2300310,4,9641,2,6.538472
G3100770,51,9762,2,7.193179
G0600950,14,9761,2,5.311262
G1900210,32,14792,2,9.280908
G1200370,18,9969,2,8.228096
G3100590,52,9598,2,7.611343
G5101610,55,9665,2,7.908139
G3701150,25,9792,2,7.241503
G0100190,15,13676,2,8.180122
G0202750,48,9939,2,4.075889
G1201050,6,9878,2,7.773010
G4805010,3,13431,3,6.253328
G2001430,35,9900,2,7.602165
G1801630,34,9867,2,7.205531
G5500270,30,9753,2,6.960733
G3500060,36,9850,3,5.499428
G2200410,38,9905,2,7.107087
G4801930,10,9797,2,7.097844
G4001530,50,9823,3,6.591530
G5500750,45,9812,2,7.018228
G3901510,53,9959,2,6.841246
G0800910,28,9970,2,7.842325
G3000590,54,13392,2,5.838609
G2200570,11,10124,2,7.021618
G4201170,49,10626,2,6.275045
G3100410,9,11315,2,6.788577
G4803570,16,11125,3,6.412721
G5101050,40,11042,2,6.932370
G1901810,12,11178,2,9.035525
G5100590,21,11058,2,8.325677
G0500450,5,11096,2,7.345577
G2800350,1,15123,2,8.666217
G2000690,7,10978,3,6.414844
G4001330,44,14863,2,6.937642
G1900450,13,14928,2,7.760534
G4800030,42,14835,3,6.698806
G2600750,0,15029,2,5.720856
G5300670,19,10907,2,4.668696
G3101130,39,15011,2,6.405805
G1801550,20,10735,2,7.219373
G4200210,17,14705,2,6.377567
G5106800,27,14817,2,7.262403
G0400110,37,14866,3,6.319377
G4100430,8,14963,2,4.841247
G1600210,33,15034,2,5.112684
G1301230,22,10930,2,7.407890
G5400150,41,11035,2,7.053493
G0800390,23,15070,2,6.156653
G0101130,46,15490,2,8.100340
G5600090,2,15396,2,6.111062
G3000410,31,15313,2,7.913957
G0900050,4,11248,2,6.458155
G2600710,51,11207,2,7.579292
G3801030,29,15485,3,6.282989
G0600850,14,11295,2,5.651333
G1901870,26,15292,2,9.223062
G4600330,47,15729,2,7.832771
G1300650,18,11298,2,8.801676
G3101210,52,11155,2,7.605357
G2000330,55,11337,3,6.760976
G5300070,25,11352,2,3.712470
G4802610,6,11068,2,7.016509
G5300310,48,11118,2,4.807247
G2000310,35,10710,2,7.736721
G5500630,30,10566,2,8.217106
G2101770,34,10871,2,7.443948
G4900130,43,17393,3,7.990993
G4803790,38,10766,2,7.176891
G4800830,10,10529,2,7.168192
G3500430,36,10858,3,6.368448
G4000550,50,10539,3,6.315480
G5000130,45,10466,2,6.163415
G2600150,53,10540,2,5.779813
G4801750,11,10482,2,7.451911
G5500370,49,10235,2,7.958185
G4600090,32,14590,2,9.180013
G0800650,28,12044,3,10.409515
G1600610,9,9763,3,4.220397
G4803030,3,14240,3,6.232637
G3701510,15,14761,2,8.250688
G4801110,16,9914,3,6.014439
G2101950,40,9991,2,6.736663
G0900110,21,9569,2,6.425826
G1900150,12,9812,2,9.374578
G3000930,54,14174,2,5.843141
G3700290,5,9961,2,7.227662
G2000230,7,10402,3,6.307458
G5401050,20,9803,2,7.625749
G0600450,19,10470,2,5.854679
G4700310,22,11065,2,7.354907
G5400490,41,10995,2,7.603245
G3101430,51,11318,2,7.859974
G0600470,14,11317,3,5.379350
G4200570,4,11473,2,7.295822
G3101750,52,10992,2,6.779170
G1201250,18,11496,2,8.718306
G2000390,55,11236,3,6.589705
G1200390,1,15220,2,8.355907
G4701030,44,14777,2,7.839600
G4700910,25,11212,2,7.035591
G3900970,0,14744,2,6.781526
G2000910,13,14832,2,7.859155
G1200110,6,11302,2,7.405848
G4804130,42,14870,2,6.973567
G5400810,48,11368,2,6.753446
G2900830,35,11291,2,7.971598
G4601130,39,14636,2,6.585879
G5501150,30,11349,2,6.972957
G3600130,17,14628,2,5.371837
G1100010,27,14711,2,7.853079
G2201230,38,11057,2,7.178984
G2101490,34,11311,2,7.540511
G4801410,37,14840,3,6.240297
G4803530,10,11144,2,6.800535
G2600210,53,11065,2,4.899810
G5300130,8,14919,3,4.569867
G2601610,45,11228,2,5.629696
G4801250,50,11257,3,6.423120
G0800690,36,11295,2,7.294439
G2201090,11,11245,2,6.277195
G1600830,33,15091,3,4.228177
G0800870,23,15113,3,6.080182
G4900270,2,14851,3,4.143666
G3100710,31,14714,2,7.011858
G2200610,46,15072,2,7.729400
G3800750,29,14659,2,7.546091
G1900810,26,14837,2,8.353680
G2601190,49,11185,3,5.660694
G0801110,28,10916,2,10.108943
G3000450,47,14530,2,6.244133
G1600450,9,10747,3,3.657919
G4800690,16,10362,3,6.140713
G2100250,40,10508,2,7.157204
G2500010,21,10437,2,4.482165
G1901010,12,10682,2,8.687981
G3500550,43,14746,2,7.827399
G2801430,5,10373,2,7.395489
G2001530,7,9870,3,6.138810
G2100150,20,9912,2,7.607418
G4100150,19,9611,2,4.721285
G3901110,41,9940,2,7.451433
G2900090,22,10055,2,7.770324
G3100390,51,10360,2,8.878485
G1301710,15,15017,2,8.419488
G0600070,14,10742,2,5.423743
G2700110,32,17583,2,9.359324
G4200930,4,10823,2,7.376236
G0400070,3,15927,3,6.281849
G3100950,52,10534,2,7.848836
G1600770,54,15273,2,5.123032
G1200070,18,10592,2,8.408541
G3101450,55,10610,3,6.528598
G5400550,25,11300,2,7.098906
G4804270,6,11079,2,7.197425
G2400230,48,11190,2,6.606609
G2000370,35,11186,2,7.686707
G1700070,30,11142,2,7.115415
G1700550,34,11320,2,7.275068
G4804410,10,11325,2,6.897775
G4801390,38,11460,2,6.913584
G4801290,50,11479,3,6.133462
G3500070,36,11504,2,6.755581
G3901030,53,11517,2,6.275588
G2600690,45,11724,2,5.414402
G2201210,11,11790,2,7.224196
G0800790,28,11718,2,10.159304
G2600430,49,11726,2,7.767103
G3700050,9,11678,2,7.162893
G0100250,1,15375,2,8.575060
G4000830,44,15248,3,6.598030
G3900710,0,14975,2,6.823396
G1701670,13,15111,2,7.385314
G3001110,39,15135,3,6.464079
G4801030,42,15237,3,7.236875
G2100450,40,11284,2,7.630620
G4801170,16,11653,3,6.197602
G3400110,21,11405,2,5.925734
G0100830,27,15197,2,7.414997
G4803770,37,15385,3,7.625478
G2900750,12,11414,2,8.870237
G4100190,8,15791,2,5.308516
G3700410,5,11403,2,6.765859
G3200310,33,15944,3,3.443395
G3101050,23,15665,2,5.786391
G0800770,2,15733,2,7.769744
G3800230,29,15538,2,8.183732
G3700930,46,15681,2,7.588911
G3101010,7,10974,3,6.105780
G2701390,26,15552,2,9.478668
G2100630,20,10809,2,7.121166
G5300150,19,10534,2,4.473867
G3600330,17,17683,2,6.089442
G3100750,47,15714,3,6.124948
G5100270,41,10717,2,6.877091
G4000470,22,10710,3,7.001123
G3101250,51,10589,2,7.661370
G4600630,31,17903,3,7.299923
G0600870,14,10995,2,5.023608
G3600790,4,10855,2,6.703753
G3101150,52,10569,2,6.406183
G4805070,18,10491,2,7.941775
G2000570,55,10477,3,6.681123
G4800070,6,10129,2,6.957107
G3700090,25,10227,2,7.292554
G2900590,35,10328,2,7.969427
G4201110,48,10331,2,6.611811
G5501210,30,10413,2,8.509659
G0801030,43,17494,2,7.127595
G1700270,34,10311,2,7.162748
G4802990,10,10346,2,7.300481
G4802230,38,10308,2,6.554699
G2600770,53,10304,2,5.811490
G4802950,50,10319,3,6.160652
G0600510,36,10313,2,5.867314
G4800150,11,10323,2,7.580274
G2600290,45,10223,2,4.267818
G0100090,15,14773,2,7.644279
G4600530,32,14716,2,8.523532
G4802190,3,14554,3,6.222357
G5400710,9,10188,2,7.422879
G1600410,54,14206,2,5.762807
G0801170,28,11865,2,9.639268
G5000210,49,11961,3,6.976041
G3400150,21,10513,2,6.931367
G4803930,16,10794,3,6.090543
G5300250,40,10897,3,3.713378
G1901230,12,10953,2,9.243260
G5100250,5,11100,2,8.159135
G3100490,7,11110,3,6.118328
G3900610,20,11023,2,7.245312
G5300110,19,10909,2,4.325657
G0501010,22,10914,2,7.538539
G3900830,41,11065,2,6.945511
G4802410,1,15373,2,8.080237
G0601150,14,11506,2,5.612144
G1801350,0,15233,2,6.565735
G4000790,44,15320,2,7.674386
G3400310,4,11525,2,6.309711
G1700990,13,15413,2,7.052854
G4800330,42,15373,3,6.740370
G4700770,27,15212,2,7.552912
G3000150,39,15678,2,6.165216
G3101690,52,11467,2,7.570944
G1901610,51,12805,3,8.787888
G3500290,37,15888,3,6.789786
G3000490,33,15345,2,5.608783
G4100490,8,15676,3,3.887200
G3000970,2,15367,2,6.306038
G1200450,18,11542,2,7.985398
G2000530,55,11324,3,6.977021
G0400050,23,15508,3,5.357038
G0101230,46,15339,2,7.989579
G2700970,26,15202,2,9.332050
G4802490,6,11160,2,7.319902
G3701210,25,11236,2,7.365781
G2900190,35,11189,2,8.023721
G4201230,17,14699,2,6.410691
G5400970,48,11251,2,7.236342
G5500350,30,11323,2,8.586447
G1701810,34,11024,2,7.509078
G4801910,50,10844,3,6.090756
G4801230,11,10819,2,7.511057
G4801550,10,11056,3,6.380404
G2800270,38,11071,2,7.106689
G3600910,45,11040,2,6.280439
G3600750,53,11107,2,5.643688
G3500030,36,11258,3,5.584392
G3100330,47,15139,2,6.185393
G3000050,31,14791,2,8.130636
G5400630,9,10890,2,7.744216
G0800930,28,10419,2,8.605323
G4201130,49,10132,2,6.159137
G4601070,29,19601,2,8.156799
G4801950,16,9823,3,6.607354
G4701510,40,9983,2,7.275191
G4200170,21,10060,2,7.144072
G1901570,12,9829,2,9.491858
G5100360,5,10288,2,7.643720
G1302230,15,14810,2,7.554279
G4600370,32,14808,2,9.229775
G3100290,7,10211,3,6.225557
G1800050,20,10001,2,7.270765
G5300450,19,10070,2,4.622484
G4802790,3,15121,3,6.187752
G5600070,43,17597,2,5.943657
G4700410,22,9870,2,7.782828
G3000770,54,14989,2,5.459074
G5400730,41,10002,2,7.816926
G0600110,14,10955,2,5.282825
G3300010,4,10960,2,6.602067
G2000890,52,11058,2,7.273775
G5500850,51,10929,2,7.841380
G3700430,55,11370,2,7.200881
G1200470,18,11605,2,8.524645
G4800470,6,11482,2,7.252723
G2000290,35,11342,2,7.688352
G5300590,25,11352,2,3.904831
G5400670,48,11302,2,7.142562
G1800250,34,11144,2,7.894137
G5500330,30,11223,2,9.038357
G4801490,11,11080,2,7.595079
G4001290,50,11120,3,6.271261
G3600930,45,10941,2,6.088780
G2800890,38,11256,2,7.992703
G4802590,10,11331,2,7.664515
G1800010,0,14969,2,6.051513
G1900310,13,14821,2,7.572221
G0501130,44,14940,2,7.952174
G1300810,1,15101,2,7.479255
G0500050,27,15142,2,8.302237
G0201000,53,12711,3,2.725406
G4804350,42,15334,2,7.313904
G3000510,39,15325,2,6.634827
G0800830,36,12812,3,7.971443
G3100470,9,11613,2,6.656416
G4801090,37,15325,3,6.794582
G0800510,28,11394,2,9.151044
G0600890,8,15482,3,5.452132
G1600630,33,15534,3,4.755799
G5600330,2,15475,2,8.344160
G3500470,23,15376,3,6.294576
G2700890,29,10698,1,9.862873
G4500810,46,15225,2,8.954228
G4804370,16,10765,3,5.962046
G3101530,12,10726,2,8.320124
G4701370,40,10908,2,7.454546
G2400050,21,10892,2,7.101783
G5000250,49,12575,2,6.155997
G3101650,47,14685,2,6.278930
G0500950,5,10959,2,7.621893
G3800530,31,15028,2,8.034934
G0800950,7,10586,3,6.041157
G4100670,19,10164,2,4.527696
G5400990,20,10437,2,7.273341
G2700750,26,17508,3,10.565559
G3600950,17,17136,2,5.865292
G2901190,22,9921,2,7.810414
G5400050,41,9743,2,6.905008
G4400070,4,9785,2,6.328880
G0601010,14,10225,3,4.687267
G2001570,52,10044,2,7.718611
G3100110,51,10076,2,7.835274
G2001950,55,9945,3,6.422126
G1201230,18,9980,2,7.686592
G4600270,32,14500,2,9.604226
G1302330,15,14718,2,8.179409
G4801070,3,13856,3,6.398477
G2901250,35,9866,2,7.944249
G1200570,6,9930,2,7.170179
G5400750,25,9774,2,7.444065
G5401010,48,9751,2,7.097114
G5501030,30,9797,2,7.672730
G2600010,45,9725,2,5.166790
G1701890,34,9805,2,7.719850
G4000430,50,9730,3,6.437772
G4803610,11,9912,2,7.798719
G4804590,38,9779,2,7.136137
G4803070,10,9941,2,6.986628
G3600670,53,10767,2,5.920836
G5600410,43,17158,3,6.451778
G3700990,9,11449,2,7.933842
G1600430,54,17347,2,6.043807
G5600010,36,13012,3,5.587803
G0800210,28,12497,3,9.013732
G4802330,16,11344,3,6.164292
G2400450,21,11176,2,7.388648
G2901710,12,11217,2,9.390437
G4700670,40,11421,2,7.188697
G3701750,7,11294,2,7.586019
G2101670,20,11205,2,7.360570
G3700850,5,11815,2,8.006924
G4100410,19,11495,2,4.270132
G0100490,44,15093,2,7.506900
G3300030,49,13146,2,6.139300
G1800230,0,15191,2,6.909705
G1702030,13,15199,2,7.044818
G1301790,1,15112,2,8.120126
G4700810,27,15031,2,8.054926
G3101170,39,15041,3,6.463428
G0600370,42,15338,2,6.623837
G2901530,22,11203,2,8.067432
G3900290,41,11160,2,7.400395
G3500510,37,15453,3,6.408599
G3000090,2,15272,2,6.897800
G3200010,33,15342,3,3.759671
G0600330,8,15394,2,5.726132
G0800250,23,15277,3,5.489171
G5400650,4,11711,2,7.809831
G2201110,46,15411,2,7.514379
G0601130,14,11917,2,5.257168
G3101510,52,11732,2,7.683864
G3101410,51,11614,2,8.112296
G4804790,18,11289,2,7.545311
G3700890,55,11344,2,7.592388
G3000130,47,16176,2,5.660944
G3101030,31,15735,2,7.423784
G2700690,29,17693,2,9.640478
G2701470,26,15410,2,9.207461
G5400230,25,10366,2,6.616871
G1200170,6,10454,2,7.576253
G5400190,48,10592,2,6.882189
G2902250,35,10704,2,7.937824
G4200530,17,15052,2,6.757130
G4804730,11,10390,2,7.367987
G2900510,34,10650,2,8.216654
G5500190,30,10660,2,7.925310
G2601410,45,10709,2,5.086860
G2200670,38,10647,2,7.543179
G4800450,50,10721,3,6.142791
G4804290,10,10731,2,6.891223
G2601010,53,10764,2,4.935145
G5100350,9,10472,2,7.637221
G0100750,15,15518,2,7.609220
G0800430,36,10614,2,7.366051
G3600810,21,10298,2,6.499082
G3500110,3,15161,3,5.355363
G0801250,16,10607,3,5.870187
G2901970,12,10623,2,8.277361
G5300010,40,10895,3,3.922754
G0800570,28,12350,2,8.023739
G1900590,32,17914,3,9.599981
G2100730,20,10982,2,7.270657
G2000670,7,11082,3,6.508738
G5101330,5,10985,2,7.395517
G5300270,19,10906,2,4.586187
G4200230,49,10892,2,6.230549
G3600070,41,10551,2,6.594965
G2000790,22,10689,2,7.483767
G0800230,43,15475,2,8.398057
G3000570,54,15292,2,6.185785
G4200010,4,11553,2,7.276099
G0600810,14,11649,2,3.795958
G3101370,52,11619,2,6.525571
G3101190,51,11596,2,8.098148
G1200410,18,11786,2,7.951543
G2001410,55,11719,3,6.974288
G1303130,44,15238,2,8.271957
G2901990,13,15399,2,7.615802
G3901090,0,15404,2,6.808465
G4700530,27,15432,2,7.678415
G1201310,1,15424,2,8.132460
G5300730,25,11925,2,4.497306
G1200550,6,11899,2,8.025487
G4801050,42,15156,3,7.461839
G2900110,35,11812,2,8.030906
G3000870,39,15644,2,7.578368
G2801350,38,11614,2,7.519662
G2200070,11,11676,2,7.285754
G0201050,48,11964,2,4.263248
G1700870,34,11629,2,7.777949
G5501410,30,11705,2,7.607004
G4800750,50,11735,3,6.194315
G4802070,10,11397,3,6.842296
G3500350,37,15496,3,6.870612
G5600430,2,15311,2,7.859857
G4100290,8,15629,3,4.982213
G3000610,33,15746,2,4.962018
G4900530,23,15553,3,4.995689
G2300190,45,13191,2,6.657308
G2800190,46,15652,2,7.959548
G2601650,53,11323,2,5.413434
G3100170,9,11374,3,6.609870
G5600110,47,15651,2,6.969312
G3800590,29,15855,2,6.782037
G3800410,31,15937,2,6.616455
G2700910,26,15509,2,8.974844
G1901450,12,10599,2,8.582676
G4200290,21,10887,2,7.147955
G3500310,36,10867,3,5.826820
G4000250,16,10870,3,6.090816
G3600230,17,15657,2,6.223354
G2101310,40,11023,2,6.880102
G0801150,7,10460,3,6.227114
G1801050,20,10498,2,7.808976
G0501230,5,10715,2,7.559522
G4100570,19,10421,2,4.016090
G5400210,41,10241,2,7.304241
G0801090,28,12481,3,8.944599
G4701150,22,10312,2,7.237908
G5000270,49,12196,2,6.635191
G4804850,15,15487,3,7.105335
G3300150,4,10738,2,6.292833
G0600670,14,10640,2,5.540594
G3101630,52,10399,2,7.074316
G0400150,3,15773,3,5.360995
G3101550,51,10961,2,8.162295
G2001670,55,10990,3,6.582193
G1200670,18,11105,2,8.750451
G4600150,32,15275,2,9.275213
G4803910,6,11096,2,6.812718
G2001270,35,10988,2,7.501968
G5300650,25,11340,2,4.580578
G3701490,50,10971,2,7.764661
G4804670,38,11104,2,6.589337
G4800390,11,11171,2,7.278838
G4801430,10,10956,2,7.012774
G2901830,34,11153,2,7.931806
G5501370,30,11049,2,7.004552
G0801130,43,15166,2,8.175508
G4900330,54,14898,2,5.841866
G2600170,45,11436,2,5.769571
G0201950,48,12954,3,4.739342
G3900910,53,11651,2,6.235179
G1600550,9,11664,2,5.230928
G0100330,44,15113,2,7.595804
G1700150,13,15070,2,7.751404
G1301310,1,15160,2,7.619788
G4700470,27,15370,2,7.450206
G1800210,0,15539,2,7.135830
G3500280,36,11458,2,7.798903
G2500210,21,11528,2,6.010511
G1900070,12,11817,2,9.217236
G3000170,39,15573,2,7.949931
G2001990,16,11730,3,6.650724
G4804510,42,15926,2,7.346928
G2101470,40,11595,2,7.343026
G2102070,20,11270,2,7.207259
G2001750,7,11307,3,6.717476
G3500530,37,15541,3,5.741029
G4100090,19,11318,2,4.724310
G4900250,2,15673,3,5.346887
G5300230,8,15561,3,4.404215
G3701390,5,11401,2,7.638612
G4100610,33,15735,2,3.962684
G4500750,46,15639,2,7.517343
G0400010,23,15806,3,5.733436
G4201030,49,10816,2,6.216366
G0800370,28,11028,2,8.399889
G5400910,41,11057,2,7.327760
G5400270,22,11097,2,7.591986
G5600270,47,15335,2,6.273621
G2700870,29,15337,2,9.473690
G4201190,4,10879,2,6.798584
G2700370,26,15788,2,9.597049
G0600550,14,11027,2,5.782682
G3100610,52,10771,2,7.114688
G3600430,17,15693,2,6.331101
G3101730,51,10880,2,8.662440
G5101650,55,11084,2,8.241048
G4801270,18,11094,2,7.881669
G3800330,31,17824,3,7.972438
G4802150,6,10402,2,7.087367
G5400890,25,10369,2,7.433492
G2001150,35,10530,2,7.892642
G1301870,50,10348,2,7.662818
G4800590,10,10392,2,7.208147
G4801190,38,10421,2,6.770725
G2100550,34,10397,2,7.562285
G5500710,30,10394,2,6.030731
G4800890,11,10407,2,7.507930
G1301470,15,15067,2,7.384512
G3601150,45,10880,2,7.140478
G0202200,48,10872,2,2.994989
G0600270,3,15100,3,5.948079
G2600610,53,10750,2,6.462704
G3100730,9,10636,2,7.012326
G4600350,32,15252,2,9.220547
G3500490,36,11218,3,6.040597
G3400030,21,11208,2,6.400531
G2001890,16,11124,3,6.396546
G1900510,12,11552,2,9.003762
G4700290,40,11198,2,7.291364
G3100870,7,11213,3,6.325144
G2101810,20,11386,2,7.320563
G1600070,54,15455,2,5.860977
G5600290,43,15521,2,7.720218
G5300690,19,11751,2,4.751654
G5107100,5,11678,2,6.516906
G2601350,49,11397,3,5.524245
G5400610,41,11404,2,7.382994
G4000110,22,11598,3,6.637469
G0101030,44,15385,2,7.613680
G2901170,13,15497,2,8.708985
G2800590,1,15236,2,8.447614
G4001470,27,15402,2,7.088301
G2500270,4,11821,2,6.538192
G3900750,0,15731,2,6.961913
G0600690,14,11801,2,5.747577
G3001030,39,16242,3,6.860902
G3100990,52,11840,2,6.927839
G4803290,42,16231,3,7.060966
G1900930,51,11838,2,9.164347
G1200650,18,11538,2,8.487687
G2001450,55,11556,3,6.483231
G0800490,28,14575,2,8.808798
G3500150,37,16126,3,6.437126
G4900490,2,15920,2,6.138015
G4100310,8,16050,3,3.643629
G3701550,46,15606,2,7.735920
G4100130,33,15861,3,3.127255
G3500570,23,15478,3,5.212617
G4804090,6,11296,2,6.897803
G2001070,35,11291,2,7.898557
G4802110,50,11135,3,5.979718
G0600730,10,11215,2,6.481303
G1900110,30,11123,2,8.827674
G2801330,38,11178,2,7.028554
G4802550,11,11460,2,7.736535
G2100270,34,11507,2,8.012343
G3701890,25,11973,2,6.807300
G3800550,29,15582,3,6.582611
G4900450,47,16001,3,4.138005
G3600830,45,11087,2,6.291326
G2700850,26,15502,2,9.895467
G5100710,9,10540,2,7.534108
G3600630,53,10825,2,5.100941
G0800670,36,10581,2,8.797407
G0900090,21,10463,2,6.221377
G1900390,12,10350,2,9.275626
G0800630,16,10427,3,5.883716
G5000030,17,18098,3,6.144244
G4701410,40,10398,2,7.246591
G2001930,7,10515,3,6.219400
G2101550,20,10719,2,7.543431
G3000830,31,17701,3,8.319842
G5300090,19,10487,2,4.413630
G4500730,15,15237,2,7.746203
G0500850,5,10592,2,7.407319
G3500090,3,15268,3,5.800636
G2601330,49,10388,2,5.332939
G4001130,22,10485,2,6.963458
G3900130,41,11070,2,7.357989
G1901410,32,14899,2,9.782456
G4201330,4,11389,2,7.185021
G0600990,14,11581,3,5.570151
G2001830,52,11427,2,6.822810
G3101830,51,11648,2,7.569874
G4803110,18,11623,2,7.661739
G2001850,55,11564,3,6.435933
G0800970,28,11858,2,9.724659
G3000010,54,15784,2,6.414132
G2901350,35,11627,2,7.540937
G1200850,6,11822,2,6.818279
G1303110,50,11715,2,7.341862
G4800930,10,11553,2,6.953238
G1900970,30,11513,2,7.478569
G2200530,11,11460,2,6.918605
G2100870,34,11338,2,7.586393
G4700190,25,11372,2,7.193519
G0500910,38,11577,2,7.360821
G4000770,44,15633,2,7.844030
G1300370,1,15388,2,7.655816
G2901010,13,15525,2,8.069330
G2101050,27,15394,2,7.711208
G3901650,0,15636,2,7.034759
G2601090,45,11879,2,6.863675
G2601050,53,11544,2,4.574141
G3700750,9,11665,2,7.450807
G3001010,39,16086,2,6.305532
G0601110,42,15991,2,7.430838
G5600350,43,20931,3,7.868244
G3500610,37,15680,3,5.563957
G4900350,2,15671,2,5.205168
G0800130,36,11376,2,6.670855
G0600050,8,15676,2,7.008655
G0101050,46,15743,2,7.888654
G0800010,23,15464,3,5.939181
G4201010,21,11799,2,7.202205
G4900030,33,15724,3,4.668398
G3100250,12,11946,2,8.313026
G0800110,16,11939,3,5.505624
G2102030,40,11735,2,7.338274
G2000810,7,11830,3,6.600300
G1801190,20,11602,2,7.442686
G0600230,19,11660,2,5.396637
G2801410,5,11666,2,7.848223
G3000030,47,16059,2,7.074189
G2700030,26,16093,2,9.474379
G4200350,49,10867,2,6.487426
G2000350,22,10767,2,7.495492
G3900670,41,11455,2,7.344658
G2701250,29,18344,3,9.900957
G3600270,4,10918,2,6.660054
G3100350,52,10673,2,7.424777
G0600130,14,10772,2,4.875927
G2601310,17,15996,2,7.041539
G1901650,51,10995,2,9.004639
G1201210,18,10906,2,8.290982
G3100650,55,10904,3,6.617116
G3800250,31,15730,3,6.852976
G0800530,28,11076,2,9.863110
G3701350,15,15892,2,8.069836
G2900730,35,10725,2,7.996762
G1700650,34,10710,2,7.232869
G4801470,38,10725,2,7.326117
G4001490,50,10748,3,6.917833
G4801970,10,10836,3,6.224111
G1600870,25,10809,3,3.547694
G4801310,6,10866,2,7.403313
G2201130,11,10753,2,6.734210
G5500210,30,11015,2,7.127309
G4804450,3,15253,3,6.511003
G1901190,32,15101,2,10.232837
G2601450,45,11318,2,5.835532
G5100630,9,10951,2,7.432362
G2600550,53,11261,2,4.954115
G4900290,54,15035,2,5.910171
G3500330,36,11214,2,6.859543
G0900070,21,11390,2,6.514663
G4803690,16,11279,3,6.355098
G1900950,12,11307,2,9.342965
G2101990,40,11133,2,7.087213
G2001810,7,11094,3,6.282820
G5400110,20,10905,2,7.759219
G1302830,1,15134,2,7.518423
G4100530,19,11045,2,4.643422
G4700030,27,15248,2,7.604488
G0500830,44,15418,2,7.604300
G1901110,13,15412,2,7.461416
G0501070,5,11033,2,7.095231
G1801370,0,15107,2,7.249046
G4601030,39,15545,2,7.986657
G5101570,22,10804,2,7.820621
G5500410,49,11069,2,8.154895
G4804950,42,15371,3,6.898426
G0800330,43,14902,2,7.597718
G3900810,41,11049,2,7.328510
G4802430,37,15067,3,7.472923
G0800810,2,15122,2,5.906552
G2300150,4,11148,2,6.268815
G4100050,8,15328,2,4.515422
G3000350,33,15387,2,5.847185
G0100230,46,15422,2,8.433978
G3101810,52,10992,2,7.224144
G3500190,23,15909,3,5.102030
G5400310,55,10631,2,7.807573
G0600410,14,11099,2,4.833881
G3100230,51,10828,2,8.368614
G1200890,18,11325,2,8.810535
G3100070,47,15073,2,6.061090
G1300850,50,10212,2,7.414170
G2001050,35,10443,3,7.428239
G2101070,34,10387,2,7.543063
G2800870,38,10354,2,7.636407
G4803270,10,10581,2,7.121835
G2200330,11,10456,2,7.704555
G1200430,6,10457,2,7.642994
G5500090,30,10472,2,6.210899
G5300170,25,10871,3,3.192173
G3800630,29,15201,2,9.063314
G2600330,45,10692,2,6.036053
G2600050,53,10399,2,5.332834
G2700570,26,17859,3,9.539140
G5100770,9,10825,2,7.492970
G3601230,17,15173,2,5.816601
G3000850,31,15425,2,8.522375
G4500070,15,15098,2,7.805154
G5101070,21,10326,2,7.633417
G3101330,12,10267,2,8.343364
G4803750,16,10277,3,6.076277
G5101690,40,10818,2,7.236862
G2000930,7,10489,3,6.356294
G3200030,3,14903,3,5.958084
G2101650,20,10891,2,7.277771
G4100470,19,10659,2,4.769940
G5100950,5,10716,2,7.881953
G2000950,22,10571,3,6.832165
G1600590,54,14953,2,5.727466
G4600510,32,17343,3,9.540221
G5400290,41,11174,2,7.227773
G4201090,4,11482,2,7.247609
G3100190,52,11418,2,6.943844
G5100150,55,11272,2,8.190485
G5501250,51,11250,2,7.820897
G0500890,27,15136,2,8.099149
G1300250,18,11435,2,8.467491
G0500230,44,15288,2,7.818335
G1701970,13,15262,2,6.481775
G0100670,1,15555,2,8.107300
G3901010,0,15222,2,6.319443
G2300170,49,14515,2,6.311147
G3701110,50,11057,2,7.908403
G2102130,34,11052,2,7.266910
G2900570,35,11109,2,7.745728
G4803430,38,11037,2,7.087479
G4801990,11,10842,2,7.971095
G1201150,6,10846,2,6.328750
G5500810,30,10892,2,7.752541
G4802630,10,11012,3,6.390994
G3000750,39,15050,2,7.425459
G5300770,25,11171,3,4.316589
G5600370,43,15001,2,6.401082
G4804310,42,15145,3,7.092016
G3500270,37,15048,3,6.214992
G3200110,2,15192,3,3.931927
G4500710,46,14662,2,8.364192
G3300130,45,11079,2,6.614962
G4100330,8,14906,2,5.217267
G3000070,33,15117,2,5.120548
G5100910,9,10934,2,7.205281
G3600510,53,11092,2,5.681374
G3200090,23,15017,3,3.523453
G2001870,16,10312,3,6.519025
G5600150,47,15061,2,5.792709
G1901550,12,10738,2,8.370091
G2400150,21,10739,2,6.826329
G4700090,40,10615,2,7.246334
G2000550,7,10640,3,6.602904
G2101910,20,10492,2,7.725993
G4100710,19,10584,2,4.599041
G5101990,5,10236,2,7.314157
G2701030,26,14966,2,9.838041
G5101390,22,9809,2,8.205768
G3601210,17,15323,2,5.779179
G3800870,31,14867,2,6.953276
G4200330,41,10758,2,6.404202
G0100430,15,14727,2,7.653160
G2400210,4,10559,2,7.539143
G2701350,29,18023,2,10.043967
G3100930,52,10406,2,7.100885
G2001630,55,10424,3,6.820194
G1900090,51,10559,2,9.392939
G4800170,3,14726,3,6.020316
G1200010,18,10987,2,8.506965
G5400570,49,11367,2,7.591608
G2001190,50,11343,3,6.649650
G2001610,35,11169,2,7.715729
G4804810,11,11077,2,7.448112
G4800630,38,11224,2,7.319951
G2100470,34,11296,2,7.618457
G1200510,6,11269,2,7.362922
G4801010,10,11020,3,6.009883
G5500970,30,11046,2,7.043905
G1600230,54,14566,2,5.308947
G4601250,32,14670,2,9.776140
G3700110,25,11344,2,7.203888
G2300090,45,11671,2,5.939276
G3701130,9,11514,2,7.477603
G2601590,53,11633,2,5.073592
G4701670,27,15299,2,7.706877
G1700570,13,15531,2,7.161329
G1800690,0,15182,2,6.139602
G4000050,44,15655,2,7.577892
G1300190,1,15429,2,7.604389
G4804210,16,11076,3,6.643776
G3400390,21,10989,2,5.419599
G3101090,12,11480,2,8.062183
G2001010,7,11073,3,6.216400
G4701330,40,11116,2,7.046887
G4600930,39,15476,2,7.366252
G4100030,19,10987,2,4.959036
G2800130,5,11024,2,8.170783
G2101170,20,11066,2,6.702628
G4803710,42,15250,3,7.688235
G4900190,2,14970,2,6.968226
G3500170,37,15469,3,6.682721
G4500310,46,15241,2,7.751249
G1600270,8,15127,3,3.852589
G0801210,23,15119,3,6.170786
G4100250,33,15738,3,3.230211
G0501430,22,10837,2,7.603811
G0801070,43,17232,3,7.244642
G4200070,41,11159,2,7.410879
G5600450,47,15550,2,6.958178
G2002010,52,10539,2,7.310014
G3100210,51,10783,2,8.651845
G3100630,55,11054,3,6.594790
G2300130,4,12631,3,5.867024
G4800130,18,11144,2,7.769649
G4200790,49,10872,2,6.698917
G4803210,11,10438,2,7.198243
G4803090,38,10465,2,7.104073
G1301370,50,10467,2,7.908981
G2000410,35,10655,2,7.590073
G1200970,6,10340,2,8.057368
G4804470,10,10267,3,6.812533
G1701910,34,10701,2,7.196137
G1900130,30,10601,2,8.496378
G5500950,26,15213,2,9.401478
G0101210,15,14802,2,8.085239
G3701990,25,10491,2,6.914238
G2600310,45,10489,2,5.335976
G2701110,29,15013,2,9.449629
G3900070,53,10570,2,6.576060
G4100690,9,10756,3,3.460515
G3300070,17,17423,2,6.374844
G3500410,3,14777,3,5.804561
G4601050,31,17573,3,7.306014
G2400290,21,10602,2,4.896770
G4803590,16,10753,3,5.897481
G1901710,12,10921,2,9.662403
G3000230,54,14101,2,6.739166
G2100510,40,10648,2,7.044871
G2801390,5,10461,2,8.050023
G2102110,20,10395,2,7.335761
G0201980,19,12567,3,3.453134
G4700610,22,10602,2,7.344171
G4700050,27,14890,2,7.660073
G2700330,32,17130,3,9.960528
G3901570,0,15252,2,7.473560
G2901590,13,15506,2,7.868966
G4200050,41,11420,2,7.005971
G1302270,44,15560,2,7.631034
G1300030,1,15890,2,8.342649
G5500030,51,11026,2,8.543548
G2000470,55,11059,3,6.533123
G4200750,4,11005,2,6.964605
G4600190,39,15383,2,7.347779
G4802710,18,11243,2,7.544163
G3200210,2,15298,3,3.922921
G4802290,37,15178,3,6.777002
G0400130,42,15277,3,6.443046
G3600150,49,10602,2,6.277506
G2800550,38,10639,2,7.240572
G2200750,11,10652,2,6.387194
G2200810,46,14933,2,7.362559
G4803190,10,10668,2,7.290059
G1302410,50,10855,2,7.582952
G0600090,8,14955,2,6.606675
G1200870,6,10889,2,6.581817
G1700250,34,10656,2,7.138986
G2901090,35,10953,2,7.650728
G3500010,23,14926,3,5.494460
G4100630,33,14812,2,4.145669
G4900090,43,14728,2,7.138127
G1901050,30,10989,2,7.218467
G0601050,25,10755,3,5.207615
G5600310,47,14618,2,5.858738
G2600990,45,10872,2,5.454435
G5101970,9,10452,2,7.250970
G3600690,53,10624,2,5.579650
G3400190,21,10308,2,7.069262
G0800750,16,10302,3,6.168321
G2701230,26,14619,2,9.314455
G1600250,54,9297,1,5.161952
G3100670,12,10053,2,7.799091
G3901450,20,9844,2,7.515249
G4700490,40,9945,2,7.382256
G5100830,5,9995,2,8.119159
G3700710,15,14759,2,7.347881
G5300490,19,9611,2,4.381341
G4701390,22,10073,2,7.499369
G4801530,3,14261,3,6.371076
G3000550,31,14900,2,8.066750
G5400070,41,10123,2,6.821894
G2701130,29,17494,3,10.160546
G3101850,51,10605,2,8.365933
G5100050,55,10600,2,7.559029
G2500170,4,10698,2,6.545076
G4803250,18,11037,2,7.665498
G4200090,49,11027,2,6.756292
G2200230,11,11013,2,6.266820
G2201070,38,11108,2,7.232159
G4801330,10,11369,2,6.928638
G1200150,6,11291,2,7.606321
G4000450,50,11379,3,6.349761
G2001250,34,11092,2,7.638541
G2100350,27,14296,2,7.769482
G2001110,35,11445,2,7.357683
G1900170,30,11291,2,8.029858
G3600410,17,20314,3,6.422513
G5101950,25,10960,2,6.671442
G1801830,0,14609,2,6.070555
G2901110,13,14618,2,7.634609
G4000630,44,14615,2,7.172232
G5300030,9,10591,3,3.906328
G2600850,53,10525,2,5.279919
G2600110,45,10633,3,5.333189
G1301770,1,15015,2,7.113585
G2700830,32,16632,3,9.722661
G3000270,39,14687,2,6.954760
G0400230,37,14325,3,6.939961
G3500370,16,10299,3,5.302549
G4900210,2,14487,2,4.956108
G0100110,46,14343,2,8.318637
G3400130,21,10600,2,6.491651
G4802270,42,14608,3,6.720233
G0600610,8,14388,2,6.321552
G1600670,33,14067,3,4.876223
G2100710,40,9746,2,6.853480
G3200230,23,14444,3,4.537117
G1901850,12,10276,2,9.295227
G2100670,20,9853,2,7.362177
G3700530,5,9931,2,7.954950
G3000370,47,14482,3,6.261092
G4000930,22,9954,3,6.552446
G5600390,43,16648,2,7.325482
G4200850,41,10461,2,7.253964
G2700950,26,14814,2,9.150238
G1600710,54,15020,2,4.910858
G3101590,51,9684,2,8.541687
G1302810,55,9699,2,7.599605
G4200550,4,9934,2,7.207234
G1201070,18,10221,2,8.743262
G1301510,15,14690,2,7.170837
G2200050,11,10300,2,7.492391
G3600010,49,10336,2,6.274028
G2200650,38,10297,2,7.052740
G4802470,6,10088,2,7.373783
G3700230,50,10064,2,7.899637
G4801710,10,10082,2,7.185899
G2100310,34,10361,2,7.825886
G4801890,3,14144,3,6.105449
G2900970,35,10388,2,7.715788
G5501010,30,10555,2,6.584857
G3700870,25,10441,2,7.802745
G3800070,31,14124,2,7.739023
G2600190,53,10837,2,4.821536
G2601110,45,10842,2,5.398721
G3800850,29,14048,2,7.421567
G5101550,9,11130,2,7.826590
G4802050,16,11260,3,5.886482
G2500190,21,11292,2,1.009613
G4700710,27,14608,2,7.605471
G5400430,20,10751,2,7.373895
G4700890,40,11213,2,7.118988
G2901290,12,10984,2,9.171100
G3600030,17,14702,2,6.064562
G3701950,5,10713,2,7.243236
G2600370,0,14801,2,5.827707
G2901030,13,14999,2,7.630148
G1300570,44,14802,2,7.869411
G1301850,1,15236,2,7.851074
G2902130,22,10900,2,8.061979
G3000690,39,15656,3,6.938449
G3900190,41,10790,2,7.165028
G1301250,46,15490,2,7.793378
G5600170,2,15608,2,7.270315
G0400090,37,15967,3,6.634633
G0600650,42,15689,3,6.695727
G4100390,8,15522,2,5.351556
G0800310,23,15482,3,5.724926
G4100450,33,15963,3,3.293074
G5500990,51,10636,2,8.085632
G3600210,4,10809,2,6.514561
G2000970,55,10821,3,6.571776
G4600490,32,17950,3,8.842652
G2600390,49,10260,3,5.492470
G1200750,18,10527,2,7.955183
G4800850,38,10302,2,6.963925
G1201190,6,10261,2,8.025824
G4000590,50,10207,3,6.586978
G3100130,47,14690,2,6.571920
G4803330,10,10389,2,7.173487
G1700810,34,10207,2,7.340261
G2901870,35,10435,2,7.514217
G4900410,43,14753,2,6.868403
G5501310,30,10369,2,6.690221
G4801670,11,11849,3,5.672656
G4100270,25,10444,2,4.083876
G5000010,45,10649,2,7.119303
G1600090,9,10340,2,5.155610
G2701210,26,14521,2,9.406934
G3200070,54,14733,2,4.113969
G3600190,53,11658,3,6.132350
G1301150,15,13886,2,8.739667
G2000750,16,9985,3,6.570310
G3400090,21,10057,2,5.882354
G2100110,20,9811,2,7.326877
G3500250,3,14311,3,6.497069
G4700590,40,10018,2,7.282154
G1900850,12,9972,2,8.499369
G3701450,5,9840,2,7.979990
G4600950,31,14133,2,7.289778
G3800510,29,14255,2,7.918057
G2901790,22,10111,2,8.383138
G5400690,41,9915,2,7.093380
G1900470,51,10774,2,9.051222
G5105100,27,14825,2,7.052534
G5400010,17,14760,2,6.920504
G2000650,55,10766,3,6.525193
G2400130,4,10783,2,7.553867
G3901470,0,14520,2,6.452975
G2601070,49,10759,2,5.447035
G2900010,13,14691,2,8.320866
G0100890,44,14552,2,7.437680
G0500810,38,10832,2,7.576422
G1300490,18,10880,2,9.489664
G1201010,6,10766,2,7.292288
G4000390,50,10760,3,6.924729
G4803850,10,10567,2,7.639481
G1700470,34,10509,2,7.018255
G2901050,35,10568,2,8.290635
G1300010,1,14487,2,7.701584
G2200190,11,10769,2,7.412422
G1700850,30,10811,2,7.589521
G1600170,25,10722,2,5.256655
G3000330,39,14524,2,7.544993
G3200050,2,14402,2,5.973725
G4800430,37,14296,3,7.841694
G0100910,46,14451,2,8.207324
G2600970,45,10795,2,5.496382
G0600150,8,14562,2,5.320831
G5100450,9,10585,2,7.668312
G0600290,42,14695,3,6.327737
G0600490,33,14524,3,3.384928
G2701050,32,14238,2,9.512406
G0800410,23,14727,2,5.925680
G3901330,53,10281,2,6.623623
G0800170,16,10287,3,6.144824
G3001070,47,13836,2,6.146996
G2400310,21,10110,2,7.778626
G2100970,20,9895,2,7.870017
G2101090,40,9673,2,7.417368
G1901210,12,9748,2,8.944090
G5100330,5,9671,2,8.445203
G5600130,43,13964,2,7.841682
G5101250,22,9306,2,8.288912
G1600650,54,13683,2,5.860309
G2700590,26,14384,2,9.291763
G4201150,41,9355,2,6.451644
G0501250,15,13995,2,8.038894
G5100170,55,9319,2,8.152316
G4200970,4,9379,2,7.151474
G3001050,31,14272,2,8.226778
G3600350,49,9642,2,6.258020
G4800290,18,9490,2,7.633347
G4801590,38,9638,2,6.511452
G4804110,10,9541,2,7.167694
G4804830,50,9646,3,5.813684
G1701010,34,9413,2,7.085664
G1200990,6,9815,2,7.210855
G3800950,29,13743,2,7.449701
G2001390,35,9835,2,7.841522
G5500610,30,9905,2,5.589474
G4804690,11,9904,2,7.294668
G5101730,25,9816,2,7.161109
G5101210,9,10412,2,7.738906
G2600130,17,13308,2,7.228095
G2400170,27,13710,2,8.210112
G2601230,53,10343,2,5.285895
G3900510,0,13678,2,6.104658
G2300290,45,11632,3,6.131629
G2000710,16,10384,3,6.631440
G1700310,13,13486,2,6.281370
G4701210,44,13502,2,8.100003
G3600470,21,10339,2,5.886838
G2102050,20,10401,2,7.305859
G4701790,40,10193,2,7.176361
G1300070,1,13718,2,7.823717
G2001310,12,10439,2,7.742436
G2801370,5,10471,2,7.720039
G4900570,2,13585,2,5.919176
G3101710,39,14063,2,6.355357
G5300750,8,14125,3,4.196688
G4600790,32,13744,2,9.671028
G1301970,46,14499,2,7.554456
G4000030,22,10020,3,6.924300
G4803010,42,14071,3,6.662548
G3000530,33,14690,2,5.576689
G3500210,23,14513,3,5.600383
G3901210,41,10213,2,7.405705
G3101610,47,14644,2,6.386262
G2000510,55,9678,3,6.623590
G4200430,4,9478,2,7.087768
G0800290,43,13906,2,7.860619
G4804330,10,8886,3,6.677374
G2200830,38,9313,2,7.321000
G4201310,49,9458,2,6.183394
G1200310,18,9390,2,8.281829
G2100850,34,9225,2,7.652723
G4803450,50,9335,3,6.281498
G1200860,6,9339,2,7.543329
G2901670,35,9267,2,7.913611
G5500070,26,13272,2,8.660212
G2200010,11,9143,2,7.257122
G5500570,30,9242,2,7.160610
G4900050,54,13702,2,6.018724
G5101670,25,9225,2,7.243063
G1301170,15,13296,2,7.642494
G3800890,31,13176,2,6.693326
G3601170,53,9565,2,5.243186
G2600570,45,9448,2,5.439090
G0800990,16,9495,3,6.108165
G2405100,21,9428,2,7.818146
G3800930,29,13174,2,8.450577
G3900010,20,9476,2,7.601259
G2101250,40,9536,2,7.181951
G1900270,12,9560,2,9.187095
G5101190,5,9503,2,7.220915
G4701870,27,13320,2,7.718041
G4200630,17,13626,2,6.813058
G5100230,22,10218,2,8.262329
G2600810,0,13564,2,5.672351
G4000690,44,13867,2,7.270508
G2101330,41,10538,2,6.920175
G2900210,13,14076,2,7.998621
G5101410,55,10479,2,7.667715
G1302290,1,14102,2,7.747672
G3300050,4,10408,2,6.742862
G4800190,10,10148,2,7.712947
G4200150,49,10144,2,6.161472
G2200350,38,10119,2,6.909778
G2000210,34,9993,2,8.056825
G1301010,18,10189,2,8.708725
G4600470,39,13604,2,6.353415
G3205100,2,13638,3,3.999277
G4802730,6,10066,2,6.804188
G4000070,50,10132,3,6.359377
G2000110,35,10256,2,7.607101
G4500790,46,13433,2,8.008640
G1600690,8,13525,3,4.206775
G4804650,42,13764,2,7.449932
G2201010,11,10138,2,6.250263
G0801230,23,13879,3,5.862420
G5101850,25,10267,2,7.042301
G4100010,33,13852,2,3.725506
G1900190,30,10318,2,7.543463
G4900110,47,14002,2,3.483548
G2701010,32,15660,3,9.964916
G3600570,45,9868,2,6.539205
G2600270,53,10023,2,5.441028
G0800890,16,9951,3,5.717791
G3400230,21,9716,2,7.023209
G2100050,20,9484,2,7.767700
G5300050,40,9502,3,4.331221
G1901970,26,13494,2,8.828743
G1900730,12,9325,2,9.186543
G0600030,43,15734,3,5.792048
G2800710,5,8780,2,7.700765
G1300450,15,13344,2,7.944381
G3000310,54,13539,2,6.694054
G5100190,22,9446,2,8.108479
G3000790,31,14123,2,8.144567
G5400330,41,9786,2,7.220672
G2001790,55,10234,3,6.589196
G4200710,4,10224,2,7.310711
G4200250,49,9756,2,6.681762
G4801810,38,9747,2,7.401174
G4800530,10,9877,2,7.259698
G4804930,18,9763,2,7.694205
G2100090,34,9962,2,7.674517
G2701550,29,16038,3,9.306731
G1200950,6,10096,2,7.771796
G4000750,50,10375,3,6.571988
G2902170,35,10557,2,7.893615
G4701830,27,13253,2,7.819025
G4801570,11,10557,2,7.349156
G3900490,0,13671,2,6.583584
G5501330,30,10685,2,6.795108
G5300570,25,10799,3,4.387598
G2900470,13,13886,2,7.954216
G3701710,44,14242,2,7.693291
G2800370,1,14350,2,8.423126
G3901690,53,10281,2,6.773075
G5500830,45,10287,2,6.994080
G0800610,16,10266,3,6.066756
G3200190,2,13421,3,4.609621
G3600850,21,10158,2,6.615808
G3100910,39,13774,3,6.131437
G2102150,20,10203,2,7.580136
G4701630,40,10086,2,7.056322
G5000090,17,17351,3,6.427340
G3101470,12,10008,2,8.285160
G4500690,46,13569,2,7.957626
G1600570,8,13567,3,5.052365
G5105500,5,9755,2,7.757205
G4803830,42,13927,3,7.171890
G0800730,23,13766,3,5.897348
G3000890,33,13987,2,5.058827
G3100050,47,13957,3,6.237353
G2701330,32,14038,2,10.054310
G5100690,22,9553,2,7.876384
G5400410,41,9967,2,7.112193
G0800070,43,13796,2,8.271850
G3300110,4,9526,2,6.501838
G2001370,55,9526,3,6.620878
G1901950,26,14110,2,8.564141
G0501090,15,13678,2,7.784263
G1600110,54,13793,2,5.645964
G2600350,49,9259,2,5.643482
G0500730,38,9351,2,7.801551
G4001150,34,9073,2,8.040089
G4801510,10,9326,3,6.657054
G1200790,18,9269,2,8.727971
G1201270,6,9274,2,8.276695
G4800870,50,9164,3,6.216749
G2901850,35,9275,2,8.015528
G2200450,11,9543,2,6.398784
G5500390,30,10028,2,6.942218
G5300510,25,9972,2,5.170526
G4600550,31,13780,2,7.423110
G2600830,53,10053,2,3.933779
G2001290,16,10058,3,6.484346
G2600410,45,10353,2,6.072614
G3800830,29,13457,3,5.892869
G2100070,27,13170,2,7.867762
G5300210,40,10584,3,4.151380
G3901670,20,10769,2,7.138649
G1900790,12,10680,2,9.356281
G0501470,5,10767,2,7.706607
G1800810,0,13960,2,6.901867
G4400050,21,12259,2,3.378470
G4001370,44,14503,2,6.974891
G2900790,13,14560,2,9.005429
G5100670,22,9926,2,7.923115
G0100970,1,14059,2,8.487886
G5401030,41,10207,2,7.359636
G4900370,2,14379,3,6.581920
G4600070,39,14285,2,6.426360
G3600170,17,14032,2,6.347996
G0100630,46,14050,2,8.203440
G2000830,55,10837,3,6.559141
G4200610,4,10852,2,7.022129
G4100210,8,14529,3,3.924407
G3200170,23,14716,3,4.458264
G4801690,42,14789,3,6.397827
G1701990,34,10372,2,7.827203
G4802810,10,10386,2,6.804117
G1201290,18,10052,2,8.867470
G2800530,38,10471,2,7.014039
G4100350,33,15173,3,3.735673
G1200210,6,10126,2,7.358878
G3000730,47,14161,2,6.007211
G2901690,35,10106,2,8.450129
G1901430,32,14205,2,9.355763
G5000170,49,11727,3,6.740776
G2200770,11,9923,2,7.438171
G1702010,30,9950,2,6.951526
G4701710,25,10188,2,7.283769
G1900690,26,13607,2,8.966807
G0600910,54,13489,2,4.812285
G3700250,15,13690,2,7.655999
G2300030,53,9068,2,6.742405
G4801790,16,9000,3,6.051497
G2600470,45,9093,2,4.928346
G0800850,43,15641,3,7.590394
G4700130,40,9432,2,7.153624
G5400350,20,9278,2,7.353144
G1900750,12,9260,2,9.618158
G5107600,5,9251,2,7.766374
G1000050,21,9130,2,6.555889
G4601210,31,13365,2,6.636089
G2902030,22,9728,2,8.568741
G4200190,41,9281,2,7.036870
G3800090,29,13272,2,8.606331
G2902070,27,13322,2,7.773376
G1301110,55,9510,2,7.644560
G4200990,4,9572,2,7.103204
G1801110,0,13198,2,6.687124
G1701650,34,9787,2,7.339475
G4802690,10,9894,3,6.634930
G4802210,38,9748,2,7.136403
G4804890,6,9650,2,6.559353
G1700630,13,13474,2,6.862617
G1200730,18,10001,2,8.305045
G1302130,44,13715,2,7.683619
G2000150,35,9979,2,7.547272
G4803130,1,13006,2,7.254931
G2200970,11,9946,2,7.154557
G5500450,30,10105,2,7.144570
G0601090,2,12922,2,7.940372
G0101310,46,12891,2,8.629659
G4200470,17,13186,2,6.124421
G3600390,49,11488,3,6.159509
G5300390,8,13069,3,4.349727
G0800050,23,13247,2,5.801868
G4804150,42,13220,3,6.575523
G3901530,53,9591,2,6.661777
G2601290,45,9577,2,5.763494
G3000630,33,13138,2,4.966514
G3101230,47,13057,3,6.237955
G4600750,32,12842,2,8.163997
G2101530,40,9139,2,6.955313
G2101150,20,9228,2,7.055806
G3100550,12,9267,2,8.709973
G5107000,5,9265,2,7.641406
G2400350,21,8780,2,6.174082
G2700190,26,12893,2,9.699183
G1600330,54,12697,2,5.790724
G2000070,22,8695,3,6.611838
G3701090,15,12726,2,7.171115
G3601070,41,8186,2,6.599408
G5600230,43,12371,2,6.787029
G2500130,4,8304,2,6.636160
G2001470,55,8644,3,6.758431
G4804170,10,8490,2,6.912244
G1701330,34,8619,2,7.536041
G4802570,38,8557,2,6.663157
G4803550,6,8753,2,6.741196
G1200290,18,8669,2,7.949666
G2000490,35,8585,2,7.479493
G2200870,11,8692,2,6.279619
G3800110,31,14438,3,7.234470
G5500550,30,9331,2,6.958101
G3800210,29,11863,2,8.439317
G2901810,27,11960,2,8.419786
G3901710,0,12098,2,6.298441
G3601110,49,9627,2,6.380028
G3900850,53,9248,2,5.884694
G2601630,45,9357,2,5.444417
G2900530,13,12476,2,7.691449
G4700650,44,12465,2,7.560477
G2101930,40,9450,2,7.156069
G2101270,20,9446,2,7.680235
G3701810,5,9494,2,7.672700
G1900030,12,9715,2,8.909499
G4500530,1,12594,2,8.280370
G3400290,21,9374,2,6.439217
G5600250,2,12667,2,6.315244
G0601030,8,12262,2,5.778491
G1301930,46,12688,2,7.434007
G4800810,42,12467,2,7.012167
G4200390,17,12899,2,6.753618
G5101130,22,9350,2,8.115675
G2100950,41,9456,2,7.385618
G3100690,47,12736,3,6.157875
G1600310,33,13017,2,4.646963
G2300050,4,9200,2,6.742067
G3100150,32,12986,2,8.491701
G5101630,55,9307,2,8.532745
G4800310,10,8947,2,7.331055
G2101110,34,8875,2,7.296064
G4804390,38,9027,2,6.931478
G1200490,6,9035,2,7.725879
G1900330,26,12091,2,8.331704
G1300390,18,8827,2,8.571435
G1600150,54,12326,2,4.590254
G0100730,15,12433,2,7.822737
G2900130,35,8274,2,8.069454
G4802910,11,8127,2,7.676014
G5500770,30,8964,2,6.801772
G4900070,43,13103,2,6.562830
G4200890,49,8437,2,6.238199
G2600790,53,8551,3,5.330764
G2601250,45,8925,2,5.412748
G2101870,20,8612,2,7.936638
G2101890,40,8636,2,7.140693
G5101350,5,8654,2,8.226310
G1901250,12,8407,2,9.207022
G4400090,21,8440,2,6.296191
G4600890,29,11489,2,8.278225
G2400090,27,12009,2,6.581293
G2601570,0,12441,2,5.387343
G4701530,22,9072,2,7.064738
G3000250,31,14621,3,7.645668
G4201210,41,9436,2,7.300560
G2002090,13,12745,2,7.904040
G4000910,44,12594,2,7.146168
G2500110,4,9447,2,6.594599
G2000630,55,9748,3,6.319454
G4500290,1,12515,2,8.051747
G4802750,10,9494,3,6.682434
G2100590,34,9632,2,7.433420
G4804990,38,9486,2,7.052679
G1200530,6,9565,2,7.816997
G4804630,18,9428,2,7.778982
G2800970,46,12271,2,8.280150
G3200150,2,12447,3,3.877852
G4804610,42,12017,3,7.384865
G5300330,8,12448,3,3.959602
G2200930,11,9271,2,7.351182
G2400010,35,9459,2,7.457812
G3000990,47,12197,2,5.661371
G5500530,30,9399,2,7.850018
G4600970,32,12784,2,9.690560
G3300090,17,14257,3,6.554359
G3200290,33,12827,3,3.601684
G4200810,49,9060,2,6.813359
G1900910,26,12699,2,8.861643
G3900530,20,8164,2,7.427221
G1600290,54,12079,2,6.055965
G3600450,53,9972,2,5.784043
G2101750,40,8187,2,7.571459
G5100490,5,8081,2,8.451487
G1900010,12,8025,2,9.169738
G3600610,21,8052,2,6.137035
G0500510,15,12301,2,7.980195
G4000530,22,8737,3,7.045746
G3500390,43,12593,2,7.701333
G4200310,41,8297,2,7.084132
G2400430,4,8529,2,7.554774
G2001590,55,8994,3,6.977237
G2800150,38,8718,2,7.630502
G4801370,10,8823,2,7.647226
G3800310,29,11989,2,8.449912
G1800510,34,9013,2,7.468890
G4800250,6,8900,2,7.185903
G1200350,18,8980,2,8.641401
G1801130,0,11864,2,6.075744
G5100030,27,12062,2,8.213118
G2902190,35,8571,2,7.859322
G4804770,11,9122,2,7.654994
G3000190,31,11814,2,8.069682
G1701470,13,11656,2,6.773724
G1900550,30,8655,2,7.293769
G4000510,44,12125,2,6.868795
G5500690,49,8567,2,7.761661
G2800730,1,11950,2,8.851949
G5600190,2,11463,2,8.029733
G0501390,46,11435,2,7.915965
G4801150,42,11519,3,6.332659
G5300610,8,11415,3,4.039948
G3900250,20,8379,2,7.407486
G2600030,53,8367,2,5.507947
G4700250,40,8487,2,7.299964
G2900050,12,8483,2,8.556309
G2400390,21,8593,2,6.329490
G5101310,5,9358,3,2.933095
G4600830,32,11522,2,9.601859
G4701430,22,8396,2,7.559218
G1600790,33,12265,2,4.811345
G5100510,41,8023,2,6.942385
G2700470,26,11791,2,9.317158
G2300010,4,7441,2,6.774967
G5000190,17,13412,3,6.364622
G3000430,54,11374,2,6.137264
G4803370,15,11415,2,7.165428
G1302910,55,8139,2,7.593129
G4802530,10,8039,3,6.740123
G1200930,6,7859,2,7.908544
G2800510,38,8202,2,7.824618
G2101710,34,8144,2,7.683538
G1200190,18,8151,2,8.543908
G4900510,43,11589,2,7.560440
G2000030,35,8147,2,7.462612
G4800710,11,8734,2,5.650179
G1900610,30,8762,2,7.481998
G4200130,49,8371,2,6.592105
G3900410,0,11791,2,6.422661
G0500750,27,11970,2,7.996566
G4200370,20,8999,2,7.170675
G2400470,21,8852,2,6.586455
G4701290,40,8880,2,7.023154
G3600290,53,9073,2,5.113369
G1901330,12,8921,2,8.471788
G3000210,31,12043,2,8.264575
G3800810,29,13813,2,8.702748
G2001490,13,12142,2,7.765675
G5100990,5,8990,2,8.098514
G4000810,44,12091,2,6.830329
G2000190,22,9184,2,7.565494
G0101010,46,11817,2,7.973018
G3900990,41,8751,2,7.034019
G1302750,1,12449,2,7.914318
G5600210,2,12194,2,5.455757
G4200670,4,9263,2,7.203226
G4100590,8,11988,3,3.993074
G0600710,42,12682,3,6.312358
G1201110,6,9019,2,7.564275
G4802670,10,9024,2,7.413803
G2801190,38,8635,2,7.066772
G1701590,34,8780,2,7.151816
G4801630,18,8733,2,7.351722
G4601270,32,12190,2,9.388113
G2900430,35,8580,2,7.655153
G3000290,33,12257,2,6.224573
G1900890,26,11847,2,7.958351
G4802390,11,8833,2,7.211209
G5501050,30,8572,2,6.793646
G1600050,54,12288,2,5.364720
G0100930,15,12044,2,7.803190
G3601130,49,9441,2,6.800943
G2101210,40,8072,2,6.815033
G1800190,20,8176,2,7.240312
G5100430,21,8073,2,7.052619
G3600730,53,8267,2,5.008131
G2300070,17,14215,3,6.322437
G2000430,12,8175,2,7.836323
G1600370,43,12050,2,5.869418
G3701830,5,8546,2,8.152772
G2900670,22,8463,2,8.390375
G3600970,41,8248,2,6.406270
G1800530,0,11483,2,6.597289
G4700990,27,11539,2,7.656814
G4200950,4,8415,2,6.532618
G4805050,6,8270,2,7.700530
G4800950,10,8586,2,7.090958
G3800350,29,11656,2,9.476601
G2000450,13,11663,2,7.679721
G4801610,38,8828,2,6.988288
G4700270,34,8622,2,7.566674
G0600250,18,8331,3,6.285103
G3700970,44,11783,2,7.881930
G4500650,46,11220,2,8.554745
G3001090,31,13228,2,7.841823
G2900770,35,8846,2,7.778558
G2200510,11,8666,2,7.273884
G1900050,30,8542,2,8.353465
G1303210,1,11993,2,7.515535
G5600030,2,11997,2,8.505156
G5300430,8,11837,3,3.749995
G4803170,42,12032,3,6.731579
G5400590,40,8042,2,6.805863
G1801010,20,8152,2,7.669020
G1901370,12,7895,2,8.637397
G3400070,21,8231,2,7.252018
G3600370,53,8091,2,5.252238
G3200270,33,11640,3,3.616430
G1901910,26,11551,2,8.121778
G4600390,32,12879,3,9.529419
G5101490,5,7766,2,7.694401
G1600190,54,11535,2,6.036347
G4000410,22,8016,2,7.587028
G3701590,15,11592,2,7.574826
G2500030,41,8053,2,6.349741
G3300170,4,8262,2,6.617664
G3600250,17,11390,2,6.340910
G1200610,6,7961,2,8.275389
G1801230,34,7829,2,7.470264
G2800430,38,7778,2,7.927911
G1200030,18,7569,2,9.028731
G3900450,0,10758,2,6.408577
G3000670,43,13034,3,7.081104
G2900270,35,8170,2,7.742010
G2200390,11,8108,2,7.485764
G5500110,30,7997,2,8.729277
G4700230,27,10866,2,7.585342
G1901630,13,10754,2,7.456012
G3800910,29,10946,2,9.077061
G4700630,40,8143,2,7.092422
G1800270,20,8007,2,7.174086
G4000990,44,10894,2,7.150624
G2500070,21,7996,2,1.155200
G3600650,53,8033,2,6.184146
G1901350,12,8202,2,8.905779
G4600710,31,11172,2,7.074130
G2800610,46,11134,2,8.535590
G1600750,8,10914,3,3.668209
G5101270,5,8140,2,8.694057
G3500450,2,11485,3,6.280029
G4701230,22,8216,2,7.762199
G2800050,1,11487,2,8.788475
G0400270,42,11530,2,6.482239
G5400170,41,8148,2,7.197479
G2300270,4,7989,2,6.891367
G1201170,6,8240,2,7.829857
G2701430,26,11187,2,9.866108
G2901510,34,7738,2,8.342950
G4100370,33,11401,3,3.169270
G4802930,38,7936,2,7.035974
G1900410,32,10805,2,9.736476
G1301390,15,10461,2,7.504615
G3000810,54,10943,2,5.313559
G4801770,11,7630,2,7.618043
G5500150,30,7724,2,6.546136
G2900850,35,7798,2,7.802980
G4200830,17,10881,2,6.301749
G3901630,20,7141,2,7.216859
G4700730,40,7242,2,7.305882
G5500490,12,7011,2,7.384127
G3600990,53,7048,2,5.904909
G2500230,21,7056,2,5.817841
G3900590,0,10197,2,7.419959
G4701610,27,10126,2,7.946804
G5101150,5,7653,2,6.812975
G4701770,22,7440,2,7.344771
G2900330,13,10772,2,8.614399
G5401090,41,7168,2,6.640376
G4700110,44,10377,2,7.879674
G2500150,4,7633,2,6.401736
G3800970,29,12134,3,9.746578
G2801270,46,10054,2,8.462207
G1800830,34,7261,2,7.348467
G4800370,38,7232,2,7.290754
G4600310,31,10428,2,7.805765
G4900550,2,10053,2,6.575108
G2800630,1,10043,2,7.936345
G4803890,42,9764,3,7.036545
G2200950,11,7282,2,6.931164
G5500910,30,7280,2,9.015448
G2002070,35,7315,2,7.406717
G1901470,26,9807,2,8.720878
G3100430,32,9386,2,9.445268
G3000470,33,9766,2,5.252269
G1800130,20,7310,2,7.609979
G2102370,40,7292,2,7.010466
G5400370,21,6396,2,7.409634
G2600950,53,6675,2,5.259476
G1900990,12,6675,2,9.099543
G4000670,15,9545,2,6.945709
G2902150,22,6635,2,8.058939
G3701910,5,6816,2,7.608180
G3600090,17,10042,2,5.728786
G4200030,41,6391,2,7.006557
G0900030,4,6167,2,6.451030
G1700290,0,9088,2,6.844864
G2400330,27,9156,2,7.813132
G1801730,34,6622,2,7.598407
G4802510,38,6500,2,7.230568
G2901070,13,9302,2,8.140598
G4802850,11,7129,2,7.706959
G5501170,30,7065,2,6.279576
G2000730,35,7031,2,7.508619
G4001410,44,9606,3,6.630175
G3800390,29,9284,2,9.212801
G2100490,20,6819,2,7.171619
G1302450,46,9576,2,7.463730
G3400050,21,6851,2,6.852474
G2102310,40,6930,2,7.391486
G3101490,31,9429,2,7.159167
G4804030,1,9354,2,7.542919
G3900550,53,7105,2,6.660664
G1900250,12,7107,2,9.308277
G4900470,2,9662,2,6.648120
G0400210,42,9545,3,6.543758
G2001550,22,7093,3,6.682431
G2801150,5,7255,2,7.935542
G5500930,26,9553,2,9.245199
G3200130,33,9968,3,3.481963
G4200690,41,6728,2,6.444913
G4500770,15,9369,2,7.724339
G2300110,4,7792,3,6.942359
G4600650,32,11304,3,8.374022
G1801290,34,6810,2,7.473440
G2801490,38,6680,2,7.567308
G4200650,17,9322,2,7.036066
G1701110,30,6660,2,6.634331
G2200470,11,6660,2,7.332419
G2000270,35,6781,2,7.767639
G1800450,0,9164,2,7.058878
G4701570,27,9305,2,7.700049
G2101590,20,6952,2,7.175998
G3400330,21,6860,2,7.271306
G2101290,40,7030,2,7.622474
G3901390,53,7145,2,6.287395
G1700010,13,9395,2,7.722479
G1900490,12,7174,2,9.333045
G5107700,22,7118,2,6.942236
G4001190,44,9987,3,6.952132
G3700330,5,7122,2,7.696916
G3800030,29,9814,2,9.219870
G4500330,46,10012,2,7.838169
G2601370,41,7544,3,5.460406
G3800370,31,9691,2,6.863432
G2200210,1,9682,2,7.832924
G3000950,2,9422,2,6.753014
G4200770,4,7388,2,6.930914
G4804430,42,9771,3,7.612636
G0500010,38,6791,2,7.282683
G2101390,34,7000,2,7.630189
G2700250,26,9641,2,9.493473
G1900650,30,6983,2,7.658584
G4800550,11,6963,2,7.869442
G2001690,35,6951,2,7.311899
G0100150,15,9618,2,8.236563
G1600510,33,10024,2,5.350731
G4600030,32,9593,2,9.232850
G3400010,21,6605,2,6.926776
G4701730,40,6573,2,7.397644
G2101350,20,6693,2,7.684165
G3901170,53,6650,2,6.187935
G5500230,12,6535,2,7.895166
G2900930,22,6708,2,7.805362
G3900390,0,9004,2,6.455325
G5000230,17,10901,3,6.531616
G0500370,5,6832,2,7.520402
G4701190,27,9467,2,7.512898
G5400950,41,7195,2,7.524433
G5500790,13,9503,2,6.114714
G4804230,38,6857,2,6.571168
G2101690,34,7168,2,7.757996
G3700350,44,9502,2,7.339437
G2300230,4,7912,2,5.931168
G2200710,11,6921,2,5.362793
G3800990,29,9536,2,9.255939
G5500170,30,7373,2,8.523488
G2001230,35,7215,2,7.230939
G4500390,46,9646,2,8.654042
G4900230,2,9856,3,4.264520
G2200690,1,10024,2,7.782066
G1800790,20,6757,2,7.254926
G2500250,21,6829,2,6.901089
G4700350,40,6999,2,7.213287
G0400120,42,9635,3,6.288428
G2700930,26,9369,2,9.736261
G3900930,53,6929,2,5.964536
G2900810,12,6842,2,9.086457
G4700070,22,6677,2,7.376215
G0100290,15,9288,2,7.987615
G1600030,33,9420,2,3.602725
G5100850,5,6232,2,8.074980
G5400090,41,6548,2,7.385782
G4601090,32,11012,3,9.038408
G4803490,38,6473,2,6.972669
G2102190,34,6875,2,7.705447
G2600250,0,9278,2,6.019579
G3400270,4,6781,2,6.695451
G4800570,11,6691,2,6.215367
G1900670,30,6698,2,7.987083
G4700850,27,9042,2,7.989576
G1700950,13,8887,2,7.291496
G2001970,35,7073,2,7.717970
G3600490,17,10702,3,6.242833
G0900010,21,6581,2,6.104993
G3900150,20,6595,2,7.348780
G4000330,44,8976,3,6.605154
G2902270,12,6550,2,9.164307
G1801410,53,6538,2,5.410624
G3800050,29,9089,2,7.081474
G5106600,22,6192,2,8.067618
G0100370,46,8975,2,8.052614
G5101930,5,6326,2,8.415406
G1301090,1,9384,2,7.421147
G4801350,42,8906,3,6.927235
G4201250,41,6222,2,7.124690
G2701650,26,9007,2,9.293388
G2801630,38,6248,2,7.586694
G2100930,34,6120,2,7.762426
G4500910,15,8949,2,8.238993
G0600630,33,8858,3,4.601673
G4200870,4,6145,2,7.155708
G4800210,11,6438,2,7.507550
G1900230,30,6424,2,8.505440
G2900390,35,6317,2,7.823464
G3100030,32,8459,2,7.797482
G4400010,21,6175,2,6.634219
G3901310,20,6250,2,7.579653
G1701390,0,8172,2,7.189095
G4200490,53,6201,2,5.955195
G1901070,12,6251,2,9.201591
G4701850,22,6033,2,7.381448
G4701050,27,8497,2,7.519905
G2900410,13,8258,2,8.707163
G3701270,5,6248,2,7.752821
G2600530,17,8566,2,7.155343
G1300550,44,8786,2,8.266659
G5400470,41,6207,2,6.976560
G2100570,34,6294,2,7.527579
G0500430,46,9006,2,7.875261
G4803970,38,6680,2,6.842847
G3400410,4,6448,2,6.618646
G4801870,11,6355,2,7.659655
G4600130,29,10504,2,9.029227
G4803350,42,8779,3,6.881538
G1302010,1,8939,2,7.544776
G5500890,30,6552,2,5.989373
G5501190,26,8544,2,8.016038
G2901410,35,6431,2,7.981886
G4400030,21,6416,2,6.264815
G1800770,20,6661,2,7.299535
G4800230,15,8550,2,6.547132
G3901550,53,6456,2,7.231678
G3101310,12,6435,2,8.157084
G1600490,33,9013,2,4.786179
G2001730,22,6417,2,7.031894
G0500290,5,5789,2,7.681861
G4600990,32,8582,2,9.612167
G1801810,0,8566,3,6.299541
G5400450,41,5854,2,6.897265
G0500210,27,8349,2,7.745991
G1700970,13,8233,2,6.206021
G2800830,38,5760,2,7.108380
G2100010,34,5976,2,7.552822
G4200410,4,5813,2,6.897646
G4201050,17,8424,2,6.075564
G5500780,30,5821,2,7.212266
G4000270,44,7930,2,6.852930
G2902290,35,5661,2,8.102196
G2400110,21,5926,2,7.233506
G2101730,20,5580,2,7.516477
G4804190,46,7937,2,7.680814
G4700150,22,5549,2,7.675563
G3101270,12,5727,2,8.706087
G2601270,53,5750,2,4.739374
G1301550,1,7708,2,7.450483
G2801170,5,5420,2,7.684468
G2700650,26,7966,2,9.746776
G2701190,29,8711,2,10.070600
G4500830,15,7987,2,7.590662
G5400850,41,5451,2,7.374532
G1600730,33,7907,3,3.949085
G4801130,38,5977,2,6.665379
G4201070,4,5611,2,6.887574
G2101830,34,6148,2,7.750284
G1700750,0,8146,2,6.467214
G5500730,30,6009,2,7.648858
G2901390,35,6204,2,7.985053
G2100190,20,5646,2,7.284832
G4200910,21,5645,2,6.901156
G4001050,27,7903,2,7.614855
G2700630,32,9540,3,9.552657
G1700710,13,7950,2,7.178876
G4000710,22,5720,3,7.242485
G1901270,12,5836,2,9.417773
G3900050,53,6126,2,6.313906
G4001110,44,7942,2,7.079333
G2801450,5,5949,2,7.578727
G5000050,17,9478,3,6.483718
G2200270,46,8234,2,7.726207
G4801830,38,5477,2,6.864984
G1301830,1,8774,2,8.141822
G0900130,4,5814,2,6.607892
G2900990,34,5735,2,7.893201
G2700510,29,8093,2,9.355777
G2700350,26,8341,2,9.760972
G5501350,30,5685,2,7.295678
G3701610,15,7899,2,7.583715
G2901130,35,5765,2,7.291557
G1700050,20,5598,2,7.468209
G3601190,21,5826,2,6.416091
G1600530,33,7930,3,4.473301
G5100790,22,5571,2,8.222825
G1900290,12,5607,2,9.175410
G2600890,53,5440,2,3.947697
G3900470,0,8012,2,6.949819
G3700690,5,5490,2,7.943446
G5100610,27,7902,2,8.071058
G4601010,32,7612,2,9.775435
G1701150,13,7695,2,7.013027
G2801250,38,5217,2,6.941765
G0100790,44,7848,2,7.489932
G5400030,4,5638,2,7.818619
G2101010,34,5826,2,7.502414
G5500010,30,5780,2,7.055521
G3600530,17,7951,2,5.922438
G2801230,46,8258,2,8.417157
G2901310,35,5978,2,8.098762
G1800550,20,5951,2,7.216393
G3400250,21,6086,2,6.487069
G2900030,12,5703,2,8.103168
G2001910,22,5862,2,7.054591
G2200790,1,8135,2,7.769716
G3900430,53,5763,2,5.680727
G1300130,15,7666,2,7.372848
G5500130,26,8528,2,9.700696
G3701430,5,5398,2,7.404421
G3800170,29,9042,3,9.524361
G0600930,33,7969,3,4.659290
G0500170,38,5438,2,7.218646
G3900630,0,7696,2,6.322445
G2100330,34,5246,2,7.570387
G4001310,27,7665,2,7.546355
G2900450,13,7552,2,7.499824
G5501270,30,5550,2,6.588418
G2900650,35,5608,2,8.097322
G3900870,20,5559,2,7.066111
G2500050,21,5578,2,5.874199
G4600590,32,9160,2,9.390277
G4000870,44,7652,2,6.812288
G2900910,22,5308,2,8.247278
G1901690,12,5432,2,9.314841
G3600550,53,5245,2,5.512662
G3601090,17,6897,2,5.937114
G3700910,5,5182,2,7.641475
G0101070,46,7347,2,7.770284
G4801210,38,5088,2,6.972028
G4800050,1,7677,2,8.107031
G2700410,26,7138,2,9.649740
G1302170,15,7312,2,7.323896
G2900310,34,4911,2,7.631889
G3800290,29,7587,2,8.095956
G5501110,30,5515,2,7.284588
G2900550,35,5464,2,8.308196
G1800930,20,5474,2,7.520177
G4100170,33,8085,3,3.384343
G2400270,21,5595,2,7.702239
G2600590,0,7532,2,5.998960
G4700930,22,5407,2,7.186355
G2900870,12,5415,2,8.308323
G2600090,53,5303,2,4.882676
G2101430,27,7046,2,7.769259
G2900070,13,7183,2,7.774799
G5100410,5,5087,2,7.936179
G4001350,44,6855,2,7.382357
G4601230,32,6972,2,7.894048
G4800990,38,4930,2,7.241626
G4700870,34,5018,2,7.413509
G1300350,46,7565,2,7.738372
G1900430,30,5131,2,7.925553
G3900790,20,5305,2,7.537832
G3600310,17,9860,3,6.883204
G1302670,1,7636,2,7.512957
G2000590,35,5817,2,7.786536
G1000010,21,5521,2,6.783247
G2700990,26,7407,2,8.969541
G4500870,15,7397,2,8.051537
G4700010,22,5655,2,7.421517
G5500650,12,5634,2,7.432007
G3900330,53,5819,2,6.187833
G5108100,5,5525,2,6.442858
G3000910,29,8462,2,8.350776
G1600470,33,7492,3,4.047908
G1801650,0,7546,2,7.130023
G4804250,38,4997,2,7.232179
G2901630,13,7405,2,7.468401
G4000970,27,7810,2,7.479435
G2001330,34,5297,2,7.697886
G4601110,32,7459,2,9.650244
G3700590,44,7550,2,7.122603
G5500870,30,5139,2,6.893547
G2100410,20,5546,2,8.005823
G2000610,35,5071,2,7.564593
G3400350,21,5054,2,6.742812
G4001510,22,5262,3,6.576104
G0500250,46,7281,2,8.137149
G5500430,12,5357,2,7.831941
G3900210,53,5238,2,6.268098
G5101010,5,5434,2,8.388224
G2800450,1,7068,2,8.325961
G0101150,15,7529,2,7.882877
G2300250,17,8203,2,6.667665
G2801510,38,5472,2,6.986905
G2700070,26,8265,2,9.591975
G2901230,34,5358,2,8.180125
G0600570,33,7953,2,6.300547
G3900570,0,7665,2,6.847844
G5500250,30,5369,2,7.226848
G3800730,29,8755,3,8.573633
G1700210,13,7476,2,7.138422
G2101610,20,5369,2,7.750250
G2902210,35,5319,2,8.016610
G2400190,21,5118,2,6.411414
G4701810,27,7414,2,7.926163
G2701490,32,7056,2,9.435001
G1901750,12,5071,2,8.993160
G4700510,22,5070,2,7.387782
G0501310,44,7340,2,7.528700
G3701850,5,4937,2,7.712838
G2800250,38,4380,2,8.006855
G4500610,46,6961,2,7.261823
G2901890,34,4586,2,7.716341
G2200030,1,6781,2,7.363266
G5500290,30,4844,2,5.559219
G4800770,15,6693,2,7.013878
G5000150,17,6828,2,6.221212
G2900290,35,4807,2,8.143492
G1801530,20,5065,2,7.477629
G2700130,26,6466,2,9.944248
G3101770,12,4941,2,8.457221
G5101710,22,5041,2,8.033133
G1700530,0,6737,2,6.680142
G3700790,5,5199,2,7.339273
G1900870,13,6928,2,7.747115
G4701890,27,6676,2,7.518579
G4800350,38,4973,2,7.211719
G4600670,32,6640,2,9.409237
G2700050,29,7656,3,9.422736
G4001010,44,6542,2,7.469954
G1701270,34,4362,2,7.592295
G1701770,30,4470,2,7.367397
G4500510,46,6551,2,7.906588
G2100810,20,4507,2,7.683420
G5101870,22,4485,2,7.564219
G1901530,12,4626,2,9.358602
G4803470,1,6362,2,7.920277
G3701190,15,5847,2,7.468707
G3601010,17,5904,2,6.049196
G3700830,5,4305,2,7.444096
G2700450,26,5928,2,8.448499
G4802170,38,4592,2,7.040003
G1801330,0,6077,2,7.083058
G1701930,34,4187,2,7.148354
G1700490,13,5833,2,6.811392
G4600610,32,5642,2,9.630084
G2902010,27,6052,2,7.423344
G5100310,44,5834,2,7.879329
G3800130,29,5845,2,7.512353
G3901410,20,4267,2,7.299626
G0500150,22,4016,2,7.594532
G2902110,12,4176,2,9.110991
G5101450,5,3774,2,7.883594
G4500370,46,5639,2,8.518147
G4802310,38,3834,2,6.788312
G1300750,1,5485,2,7.701441
G1701850,34,3704,2,7.009251
G1300770,15,5919,2,7.830420
G2700010,26,5231,2,10.341002
G1801610,0,5635,2,7.297425
G2102390,20,4164,2,7.447416
G2902090,22,3773,2,7.631928
G4600110,32,5155,2,9.822266
G1900710,12,4011,2,8.390286
G1700370,13,5364,2,7.001746
G4701270,44,5020,2,7.980956
G4700750,27,5442,2,7.703032
G3700770,5,3923,2,7.961831
G3800770,29,5793,2,9.012649
G4000230,38,4008,2,7.135086
G2102270,34,3306,2,7.990992
G2200730,46,5223,2,7.551982
G2800910,1,5438,2,8.526335
G2100650,20,4135,2,6.966252
G5100090,22,3958,2,8.518745
G0100170,15,5307,2,8.329938
G1900770,12,3863,2,9.279059
G2700490,26,5312,2,9.561856
G5100070,5,4338,2,7.955113
G1800890,0,5493,2,6.127467
G4802770,38,3597,2,7.218825
G4600230,32,5292,2,9.033218
G0100590,44,5307,2,7.486284
G2905100,34,3501,2,7.134583
G2001030,13,5545,2,8.031351
G2900350,27,5537,2,8.484146
G2700270,29,6170,2,9.563611
G1700330,20,3535,2,6.864859
G4500430,46,5103,2,8.180879
G0500070,22,3731,2,7.558562
G1901590,12,3766,2,9.122676
G5100370,5,4069,2,8.149589
G4500490,1,5464,2,7.917653
G0500410,38,4017,2,7.408247
G1300150,15,4947,2,8.148258
G2701270,26,5008,2,9.830987
G3901430,0,5072,2,5.995266
G2100290,34,3931,2,7.669786
G1901490,32,5488,2,9.529697
G3901150,20,3902,2,7.377427
G4000490,44,5698,2,7.177254
G1701230,13,5715,2,7.436639
G2900230,27,5873,2,8.102814
G5501230,12,3895,2,7.919102
G2000770,22,4048,3,7.270777
G0500350,5,3821,2,7.298649
G3800570,29,5661,3,6.037696
G4802130,38,3654,2,6.989682
G3701330,46,5586,2,8.021410
G2102330,34,3723,2,7.718060
G4804070,1,5449,2,8.111342
G4802370,15,5626,2,7.316670
G1901090,26,5604,2,8.400277
G2100430,20,3640,2,7.716037
G1801670,0,5161,2,7.120561
G5105300,22,3890,2,8.671873
G1901170,12,4028,2,8.852748
G5100810,5,3705,2,8.123992
G4601190,32,5658,2,8.476231
G0501370,44,5165,2,7.993501
G1701610,13,5077,2,7.402242
G4700690,27,4991,2,7.780544
G1800610,34,3705,2,7.840161
G4601290,29,5750,3,8.243022
G2100790,20,3117,2,7.411160
G3700170,46,5203,2,8.235882
G2901470,12,3338,2,8.546820
G4500570,15,4581,2,8.566473
G4801450,1,4598,2,7.304631
G3901590,0,3990,2,6.545518
G2701510,26,4332,2,9.375409
G5101810,5,3657,2,7.753922
G1801470,34,2999,2,7.336881
G3100510,32,4293,2,9.297493
G4000210,44,4446,2,7.414083
G2900170,27,4494,2,8.238088
G1701310,13,4829,2,7.454179
G1801170,20,3269,2,7.685026
G3100970,12,3435,2,8.178790
G3800270,29,4743,2,8.481570
G5101470,5,3647,2,7.802495
G3701650,46,4966,2,7.271156
G4701110,34,3752,2,7.533321
G1700230,0,4726,2,6.947326
G1300590,15,4994,2,7.913063
G1302530,1,4902,2,7.531300
G2100690,20,3438,2,7.476042
G2701730,32,4719,2,10.245894
G5105900,44,4674,2,7.793544
G2700710,26,6506,3,10.553160
G5101090,27,4350,2,8.275143
G2900370,13,4267,2,7.788779
G3701870,5,2994,2,7.917286
G3800490,29,3985,2,7.134703
G1701450,34,3257,2,7.298983
G2801210,46,4218,2,8.158583
G1800710,20,3005,2,7.427408
G2600670,0,4067,2,5.864576
G1301130,15,4060,2,7.392863
G0100610,1,4242,2,7.725812
G3100890,32,4472,2,7.825786
G0501410,44,4341,2,7.804743
G2900950,13,4224,2,7.984858
G2701630,26,4287,2,9.816743
G4701090,27,4271,2,7.777174
G3700550,5,4316,3,6.456418
G4701470,34,3256,2,7.446545
G5400390,20,3215,2,6.951474
G4600210,29,4391,2,8.245191
G1300090,46,4119,2,7.943488
G1302850,15,3904,2,7.510069
G1801790,0,4251,2,6.514208
G1301730,1,4255,2,7.651762
G5107300,5,3459,2,7.431160
G1700770,34,3559,2,7.372944
G4600850,32,4483,2,8.808889
G1800430,20,3292,2,6.336771
G4000290,44,4313,2,7.028233
G1901890,26,4162,2,8.555131
G1701730,13,4402,2,7.208031
G4000350,27,4458,2,7.971322
G4600910,29,4469,2,7.974154
G3701370,46,5125,3,7.966779
G3700630,5,3176,2,8.716651
G4500590,15,4439,2,8.044101
G2601390,0,4201,2,4.982642
G2101630,34,3396,2,7.653083
G4803510,1,4046,2,7.896093
G3901050,20,3594,2,7.407635
G3101790,32,4391,2,8.765639
G4000610,44,4325,2,7.401804
G1901390,13,4536,2,7.551469
G2700790,26,4552,2,9.763847
G4701130,27,4727,2,7.980267
G5101830,5,3280,2,8.050623
G1701190,34,2880,2,7.352162
G4600450,29,4408,2,8.002231
G2101970,20,3208,2,7.575042
G1303170,46,4380,2,8.090366
G3700570,15,4198,2,7.972336
G1800730,0,4173,2,5.953323
G1303050,1,4430,2,7.975647
G1901670,32,4178,2,9.551779
G1301290,44,4001,2,8.164540
G2800930,5,3329,2,7.906571
G1700930,13,4371,2,6.750796
G2100610,34,3221,2,7.902767
G2700210,26,4370,2,9.762245
G4700790,27,4377,2,7.707728
G2100230,20,3142,2,7.606054
G3800150,29,4359,2,7.472041
G1800110,0,4359,2,6.787198
G0100270,15,4365,2,7.906572
G0100810,46,4735,2,8.206838
G0501190,5,3308,2,7.582383
G2101410,34,3350,2,7.504537
G1300170,1,4898,2,7.379077
G2100210,20,3273,2,7.374609
G0500710,44,4513,2,7.663468
G4600730,32,5360,3,9.361092
G5501070,26,4511,2,8.354153
G5106300,27,4546,2,8.653915
G2900490,13,5573,3,8.139409
G3801050,29,4258,2,8.435647
G2801070,5,2841,2,7.667609
G1300670,15,4037,2,7.414963
G1700690,34,3079,2,7.667511
G1800490,0,4218,3,6.020600
G2800210,46,4225,2,8.147022
G5400790,20,2729,2,7.587650
G1301270,1,4474,2,7.683368
G4001210,44,4435,2,7.161372
G2701310,26,4341,2,9.634309
G4600170,32,4636,2,9.291485
G1701530,27,4401,2,7.869946
G2800170,5,3270,2,7.631715
G1701210,34,3589,2,7.301083
G1700170,13,4502,2,6.929488
G2102230,20,3290,2,7.482796
G2700290,29,4988,3,9.651309
G3900370,0,4516,2,6.826219
G3701670,15,4622,2,8.886736
G2801010,46,4121,2,8.407981
G3700130,5,2863,2,7.875433
G4800510,1,4227,2,7.366151
G2000990,34,3252,2,7.803587
G4001250,44,4489,2,7.086813
G2701410,26,4263,2,8.928588
G4600050,32,4313,2,9.649481
G2102010,20,3152,2,7.774870
G0500550,27,4226,2,7.896566
G1901830,13,4335,2,7.961599
G3800650,29,4346,3,6.025538
G1800030,0,4461,2,6.248281
G0501450,5,3101,2,7.804532
G3700450,15,4616,2,7.742465
G1303190,46,4306,2,7.896173
G1701570,34,3455,2,7.745489
G5400130,20,3484,2,7.869604
G4804570,1,4713,2,8.122443
G5501090,26,4217,2,9.253545
G3700670,44,4507,2,7.513897
G1901930,32,4638,2,9.222922
G5101790,27,4611,2,8.314173
G5100730,5,3247,2,7.419923
G1901150,13,4867,2,7.650583
G4701650,34,3008,2,7.519204
G3900170,0,4059,2,7.201138
G3800190,29,4625,2,7.588348
G1301490,15,4054,2,7.601115
G2101030,20,2882,2,7.533477
G0500130,46,4447,2,7.938582
G2201250,1,4380,2,7.928821
G2700170,26,4307,2,10.084260
G0500670,5,3175,2,7.673281
G1300830,44,4483,2,7.491212
G2701170,32,4338,2,9.817409
G2900710,34,3267,2,7.936230
G2901330,27,4318,2,7.702428
G2100370,20,3464,2,7.893334
G2000050,13,4532,2,7.999539
G2600230,0,4379,2,5.667818
G3800670,29,4390,2,8.983194
G3700030,15,4453,2,7.356351
G0500990,46,4159,2,8.081682
G3700150,5,3529,2,7.889405
G2100990,34,3440,2,7.881075
G1301610,1,4787,2,7.597585
G2701710,26,4606,2,9.671790
G2101130,20,3486,2,7.517657
G4001090,44,4628,3,6.623099
G4601150,32,4649,2,9.759358
G0500930,27,5078,2,7.371234
G1700890,13,4995,2,6.710954
G4500010,15,4554,2,7.858133
G1801090,0,4904,2,7.218291
G3800470,29,4811,2,7.706683
G5100930,5,3387,2,7.717822
G1700590,34,3247,2,7.372080
G2801550,46,4625,2,8.241849
G1700510,20,2846,2,7.093643
G1300930,1,4054,2,7.445171
G2700530,26,4035,2,9.290827
G4701070,44,3754,2,7.730284
G0500630,5,3016,2,8.035658
G0500310,27,4206,2,7.474098
G4600690,32,4949,2,8.567311
G2100910,34,3261,2,7.651761
G1701430,13,4438,2,7.213718
G3700070,15,4241,2,8.598288
G2101510,20,3417,2,7.111969
G3800610,29,4304,2,7.263370
G1801690,0,4296,2,6.527592
G3700610,46,4424,2,8.106131
G5101110,5,3139,2,8.002681
G2701610,26,4417,2,9.795629
G4000150,44,4418,3,6.976405
G1201330,1,4518,2,8.482817
G2002050,34,3620,2,7.765436
G1801750,20,3507,2,7.482171
G4700330,27,4209,2,7.857407
G3101390,32,4145,2,8.245511
G1701550,13,4345,2,7.763875
G4804870,15,4269,3,6.406724
G3901370,0,4172,2,6.443323
G3700730,5,3251,2,7.535492
G0500530,46,4256,2,8.343114
G2701670,29,5494,2,8.949185
G2102250,34,3412,2,7.323508
G1800290,20,3316,2,7.157941
G1901510,26,4275,2,8.833015
G3700010,44,4579,2,7.704464
G1200910,1,4530,2,8.010956
G2100390,27,4929,2,7.624710
G4600250,32,5367,2,9.760917
G5101750,5,3066,2,7.876535
G1700130,13,4765,2,7.170614
G1800950,0,4545,2,6.715038
G0500970,15,5321,2,7.832421
G1801250,34,3408,2,7.505549
G2101370,20,3490,2,7.536707
G1302890,46,4403,2,7.888404
G3801010,29,4473,2,6.589596
G5500050,26,4318,2,9.147232
G0501150,44,4399,2,7.585910
G3700650,5,3061,2,7.762875
G1300910,1,4326,2,7.405639
G5101770,27,4502,2,8.553784
G2101790,34,3419,2,7.821703
G1801430,20,3371,2,6.990778
G1700350,0,4306,2,6.992910
G1701090,13,4545,2,7.423996
G1301990,15,4523,2,7.745320
G2700730,32,5218,3,9.896949
G3800710,29,4412,2,8.605811
G1301410,46,4862,2,7.978485
G0501170,5,3085,2,7.502790
G1900830,26,4083,2,9.325741
G0100710,44,4314,2,7.649435
G3900090,20,3056,2,7.119028
G1800370,34,3433,2,7.624453
G4700450,27,4278,2,7.557878
G2200630,1,4470,2,8.348323
G1801570,0,4145,2,6.639618
G1701750,13,4217,2,7.856777
G3701250,15,4247,2,8.595042
G1900350,32,3985,2,9.576335
G3701470,5,3509,2,7.729089
G3701630,46,4207,2,7.672661
G2102170,20,3183,2,7.481337
G2701570,26,4425,2,9.066138
G2700770,29,5260,3,9.977102
G4000310,44,4268,3,6.762418
G2100030,34,3345,2,7.481804
G0500650,27,4337,2,8.262307
G1302050,1,4341,2,7.398529
G1700450,0,4430,2,7.316643
G2801610,5,3329,2,7.933646
G1700090,13,4594,2,7.500262
G4000950,15,4201,2,7.283424
G4600430,32,4063,2,9.059433
G2102290,20,3056,2,6.973062
G1302650,46,4262,2,7.821997
G3800430,29,3813,2,7.209458
G4000170,44,4359,3,6.847775
G5100970,5,3027,2,8.128985
G2700610,26,5073,3,10.498587
G4700830,27,4316,2,8.046494
G2100890,20,2901,2,7.560264
G0100990,1,4046,2,8.831085
G2901950,13,3808,2,8.146189
G3901350,0,3981,2,6.833504
G1301570,15,3887,2,8.101724
G4600770,32,4294,3,9.498787
G0501330,46,3892,2,7.768098
G2800950,5,2793,2,7.634345
G4001270,44,3794,2,7.770109
G1801150,20,2679,2,7.465390
G2700090,26,3464,2,9.477218
G4700390,27,3391,2,7.959150
G2201050,1,3775,2,8.277346
G0500590,15,3531,2,8.087666
G2900250,13,4011,2,8.011290
G1800850,0,3952,3,5.901632
G2800090,5,2559,2,7.926093
G3100270,32,3478,2,8.965924
G2100170,20,2729,2,7.484788
G0500270,46,3549,2,7.811830
G4000730,44,3653,3,6.860139
G2700390,26,3506,2,9.326543
G5100130,27,3412,2,6.450483
G5108000,5,2957,2,7.318743
G1303090,1,4064,2,8.159162
G5400530,20,2843,2,7.586924
G1300970,15,3754,2,7.691012
G1701870,13,3851,2,7.328766
G2601510,0,3797,2,5.085600
G4600290,32,3821,2,9.621820
G3700510,46,3687,2,7.936210
G5100890,44,3975,2,7.605851
G5100870,5,2598,2,8.161178
G5100290,27,3426,2,8.369613
G2701290,26,3582,2,9.866895
G0100690,1,3650,2,7.826810
G0100570,15,3511,2,7.813812
G2901650,13,3511,2,7.864660
G3900230,0,3473,2,6.807314
G2800810,5,2410,2,7.667052
G2700810,32,4056,2,9.839828
G0500470,44,3619,2,7.439771
G2800650,46,4167,2,8.185399
G0500490,27,3379,2,8.377730
G2701590,26,3545,2,9.794119
G2800570,5,2288,2,7.709222
G0101270,15,3374,2,7.878145
G1301030,1,3642,2,7.928966
G1801030,0,3507,2,6.493734
G1700730,13,3451,2,7.747525
G4601350,32,3055,2,9.254475
G4700550,44,3033,2,7.711299
G2200150,46,3692,2,7.436181
G4701590,27,3283,2,7.629718
G2800330,5,2323,2,7.656462
G2701530,26,3289,2,9.503735
G1800330,0,2975,2,6.167876
G4500230,15,3142,2,8.543396
G1901030,13,3216,2,7.894033
G1300990,1,3270,2,7.564258
G1300470,44,2649,2,8.307539
G5100530,5,2147,2,8.100327
G3700470,46,2906,2,8.332023
G2400370,27,2859,2,7.736423
G5501130,26,2769,2,9.186625
G2601550,0,2911,2,5.689395
G0501490,15,2903,2,7.850456
G1701490,13,2963,2,7.614226
G2801110,1,3377,2,9.096203
G3701770,5,2442,2,7.782823
G3701690,44,3214,2,8.013032
G1901310,26,2800,2,8.323465
G3700190,46,3304,2,8.330097
G4001170,27,3238,2,6.982474
G5101590,5,2263,2,8.591192
G1801510,0,3181,2,6.299493
G4804970,15,3265,2,7.287333
G1701790,13,3088,2,6.953717
G1300870,1,3210,2,7.511104
G4001230,44,3086,2,7.242351
G2700430,26,2723,2,9.229443
G1301450,46,2859,2,8.368279
G5100570,5,2225,2,8.351863
G0501210,27,3128,2,8.204450
G1800410,0,2861,2,6.807726
G4800090,15,3128,2,6.802859
G2900610,13,2773,2,8.352678
G4800910,1,3391,2,7.655802
G5101030,5,2247,2,7.227662
G4001070,44,2974,2,6.964593
G2700230,26,2890,2,10.035495
G2800750,46,3179,2,8.567707
G2901550,27,3476,2,7.769074
G1800350,0,3257,2,6.714455
G3701790,15,2998,2,8.485301
G1701070,13,2869,2,6.943947
G0500770,5,2432,2,7.492371
G4804050,1,3004,2,8.112976
G3700810,44,3112,2,7.677311
G2701150,26,3159,2,9.902363
G0100070,46,3501,2,7.989212
G4701690,27,3253,2,7.651229
G3701010,5,2417,2,7.535813
G1800750,0,3322,2,6.964849
G1700430,13,2990,2,6.425657
G1300110,15,3390,2,8.009072
G4800010,1,3038,2,7.133025
G5100110,44,2978,2,8.240094
G5100750,5,2354,2,7.953963
G2800850,46,2719,2,8.706975
G2701690,26,2882,2,8.653848
G1700030,27,2894,2,7.689439
G1800910,0,3081,2,5.488301
G2901370,13,3167,2,7.391263
G3701230,15,3245,2,8.865153
G1300270,1,2887,2,7.815555
G0501270,44,2640,2,7.899336
G5501290,26,2441,2,9.717103
G0500110,46,2620,2,8.111571
G2902230,27,2843,2,8.434211
G2901730,13,2526,2,7.423968
G3901130,0,2666,2,6.993779
G1300630,15,2710,2,7.572437
G1300050,1,2739,2,7.589802
G5101430,44,2722,2,7.885645
G2700670,26,2598,2,9.547866
G4803150,46,2594,2,7.478018
G5101530,27,2851,2,8.172933
G1800670,0,2572,2,6.618514
G2900630,13,2855,3,8.139864
G0100550,15,2559,2,7.913034
G1302350,1,2902,2,7.089210
G2701090,26,2662,2,9.331128
G1302950,44,2881,2,7.850980
G2800790,46,2790,2,8.243859
G4701170,27,2889,2,7.684838
G2901270,13,2713,2,7.374447
G0101110,15,2540,2,8.063044
G3900030,0,3017,2,6.226041
G1302770,1,2398,2,7.365610
G3701570,44,2595,2,7.777326
G1301050,46,2619,2,8.003261
G2901490,27,2327,2,8.786436
G2901770,13,2364,2,8.176683
G1700190,0,2355,2,6.680437
G0500610,15,2650,2,7.934934
G2800410,1,2250,2,9.034374
G1300530,46,2016,2,7.328444
G5100650,27,2160,2,8.696615
G3901610,0,2271,2,6.391823
G2901150,13,2300,2,8.706651
G4803670,15,2312,2,7.153236
G2201030,1,2520,2,8.168820
G2800070,46,2278,2,8.234141
G4701010,27,2146,2,7.730335
G1700670,13,2051,2,7.833677
G2600910,0,2414,2,6.115768
G0101330,15,2306,2,7.749546
G2800390,1,2419,2,8.968507
G1302150,46,2319,2,7.600156
G4001450,27,2222,2,7.158698
G5500590,13,2241,2,6.214432
G1800630,0,2348,2,6.783063
G0501050,15,2413,2,7.745371
G2801590,46,2907,2,8.015215
G2801470,1,3233,2,8.713588
G2101450,27,3128,2,7.356475
G2001210,13,3225,2,7.756023
G3901270,0,2311,2,6.991682
G4803630,15,2084,2,6.891286
G1301670,46,2676,2,7.590725
G0100530,1,2304,2,8.564695
G1701130,13,2228,2,6.909764
G5100470,27,2336,2,8.714011
G3900650,0,2313,2,6.516384
G1302570,15,2160,2,7.671342
G2900890,13,2273,2,8.105732
G2201190,46,2388,2,7.726356
G2801130,1,2377,2,8.989556
G4700210,27,2572,2,7.995407
G1800990,0,2339,3,5.594078
G4000650,15,2474,3,6.264996
G1700610,13,2308,2,7.392998
G4803650,46,2332,2,7.447818
G3900270,0,2215,2,6.949341
G4701250,27,2422,2,7.881599
G4800410,1,2590,2,7.391627
G4000130,15,2309,2,7.239021
G2001170,13,1768,2,7.974102
G0501030,46,2209,2,8.136783
G2801090,1,2193,2,8.736302
G2601210,0,2248,2,4.938656
G4700370,27,2221,2,7.095332
G1301430,15,2180,2,7.966742
G1701030,13,1573,2,7.490236
G0100130,46,2257,2,8.728010
G4701350,27,2325,2,8.233874
G1800150,0,2522,2,6.652567
G4500130,1,2650,2,7.882222
G4000890,15,2712,2,7.761529
G2001770,13,2020,2,7.862775
G2800670,46,2194,2,8.583818
G1801070,0,2354,2,7.088752
G2100830,27,2507,2,7.837218
G4500210,15,2447,2,7.874247
G2200430,1,2967,2,7.779155
G2000850,13,2122,2,7.941643
G0100850,46,2154,2,8.106680
G1801710,0,1974,2,6.919526
G4700950,27,2278,2,8.163088
G3701050,15,2345,2,7.972202
G1701250,13,2056,2,6.976246
G1200630,1,2339,2,7.830168
G1302110,46,1999,2,7.984096
G3901230,0,2109,2,5.860662
G2102210,27,2525,2,7.719681
G1301210,15,2231,2,7.401378
G1701370,13,2382,2,7.462062
G1302990,1,2226,2,8.935426
G1300790,46,2118,2,7.641266
G2600450,0,1994,2,6.001830
G0501350,27,1699,2,8.297268
G1302190,15,2124,2,7.645899
G1701290,13,2087,2,7.349425
G2200250,1,2140,2,7.326706
G0100470,46,2326,2,8.236132
G2601490,0,2268,2,5.813106
G4700430,27,2151,2,7.768542
G4805030,15,1850,2,6.959217
G1700110,13,1749,2,7.489274
G4802870,1,2265,2,7.509049
G4500470,46,2069,2,8.584245
G1800310,0,2107,2,7.009186
G5101370,27,2003,2,8.810172
G4500450,15,2215,2,7.452826
G1701710,13,1948,2,7.384579
G0100390,1,2085,2,8.488068
G3701290,46,2066,2,7.574134
G2600490,0,2155,2,5.652488
G2900690,27,2122,2,7.609377
G1302970,15,2031,2,7.168058
G1701950,13,2157,2,7.604800
G2801310,1,2173,2,9.082937
G1800070,0,1983,2,6.629061
G2801030,46,2473,2,8.214043
G0501110,27,2315,2,7.335598
G1301190,15,2347,2,7.807644
G2901210,13,2073,2,8.017764
G4804910,1,1724,2,7.256014
G1700410,0,2457,2,6.783693
G1302070,46,2317,2,8.004169
G1301950,15,2309,2,7.889197
G2901430,27,2489,2,7.696264
G1700830,13,2462,2,7.247103
G1302790,1,2099,2,7.611497
G1801450,0,2109,2,6.808803
G0101250,46,2097,2,7.893631
G1302550,15,2168,2,8.083067
G4700970,27,2216,2,7.607641
G1701410,13,2149,2,7.079691
G0100050,1,1662,2,8.249888
G1801390,0,2027,2,7.225440
G0100870,46,2663,2,8.003340
G4800970,15,2387,2,7.043615
G4701490,27,2403,2,7.533409
G1701050,13,2459,2,7.008425
G1302430,1,2582,2,8.024337
G1800870,0,1884,2,5.880570
G2800690,46,2477,2,8.540047
G4701310,27,2513,2,7.623116
G1301350,15,2589,2,7.353686
G2901750,13,2191,2,7.880364
G4804530,1,2286,2,7.660718
G3901290,0,1977,2,6.896876
G4000850,15,2255,2,7.001663
G1700390,13,2238,2,6.777982
G2100750,27,2393,2,7.661754
G4500350,46,2431,2,8.254428
G2200910,1,2037,2,9.139908
G3900890,0,1975,2,6.956773
G1301810,46,1914,2,7.977638
G1701350,13,2122,2,7.102494
G0100770,27,2236,2,7.635308
G4800270,1,2128,2,7.431546
G1801770,0,2216,2,6.920109
G4500150,46,2176,2,8.218890
G4000370,27,1842,2,6.778760
G2000870,13,1922,2,7.733723
G1300610,1,1857,2,8.007631
G2600930,0,1841,2,5.450396
G0101190,46,1493,2,8.216255
G1901770,13,1859,2,8.029804
G4803730,1,1915,2,8.402966
G1801210,0,1813,2,6.961978
G4500090,46,1513,2,7.546568
G1800090,0,1572,2,6.787820
G1300710,1,1661,2,7.353975
G2801290,46,1446,2,8.552800
G1801270,0,1394,2,5.973151
G1301070,1,1749,2,7.492687
G1303030,46,1932,2,7.997844
G1800970,0,1468,2,6.688587
G0101290,1,1664,2,9.046218
G2801050,46,1537,2,8.388448
G2600650,0,1745,2,5.850157
G4803390,1,1427,2,8.136460
G1302370,46,1679,2,8.182406
G1800390,0,1372,2,5.830047
G2200850,1,1701,2,7.322484
G4500030,46,1395,2,7.776171
G2600870,0,1406,2,5.479618
G0100350,1,1809,2,8.613455
G1301330,46,1818,2,8.066214
G2601470,0,1547,2,5.285162
G4800730,1,1858,2,7.555890
G3900950,0,1541,2,5.905578
G1301890,46,1729,2,7.860663
G4802250,1,1608,2,7.815717
G3900690,0,1535,2,6.327101
G4500250,46,1827,2,7.736853
G0600590,1,1556,2,5.765444
G3901070,0,1706,2,6.458876
G2800490,46,1605,2,7.930905
G1800170,0,1693,2,6.391195
G2800470,1,1925,2,8.173230
G2800290,46,1809,2,8.308291
G3901190,0,1257,2,7.250947
G2200590,1,1986,2,7.746233
G0100210,46,1729,2,7.907580
G1800590,0,1440,2,6.920387
G1300310,1,1849,2,7.438515
G0500390,46,1910,2,8.308455
G1801590,0,1793,2,6.902517
G0100030,1,1649,2,8.202796
G4500270,46,1664,2,7.641463
G1801310,0,1412,3,5.960802
G0101090,46,1716,2,8.113818
G1302610,1,1919,2,7.551837
G1801490,0,1541,3,5.444888
G1302250,46,1719,2,8.395077
G4802890,1,2071,2,7.268080
G3901250,0,1784,2,6.275776
G4500890,46,1447,2,7.788033
G2200290,1,1599,2,7.075063
G2600630,0,1619,2,4.922326
G0600310,1,1784,3,5.013604
G4500110,46,2069,2,7.567591
G3900730,0,1567,2,7.131911
G1302210,46,1792,2,7.948941
G1701830,0,1830,2,7.049254
G2800010,1,2048,2,7.862294
G3901490,0,1644,2,6.546066
G0500030,46,1737,2,7.876642
G1302710,1,1738,2,7.954439
G2601170,0,1313,2,5.314324
G1301690,46,1477,2,7.759994
G1302090,1,1665,2,8.013135
G1800650,0,1377,2,6.836950
G1301630,46,1600,2,7.650636
G1302390,1,1652,2,7.959036
G3901730,0,1470,2,6.122125
G4500050,46,1475,2,7.852849
G4804550,1,1557,2,8.263318
G3900110,0,1709,2,7.021199
G4500670,46,1847,2,7.971125
G4803310,1,1815,2,7.572023
G1700910,0,1359,2,6.497658
G2200490,46,1467,2,8.030091
G1302870,1,1599,2,7.230592
G1302630,46,1487,2,8.002330
G4801850,1,1766,2,7.707899
G0100410,46,1386,2,8.219446
G1300690,1,1546,2,7.791901
G3701410,46,1513,2,8.267705
G1301910,1,1471,2,8.258135
G4800670,46,1545,2,7.331457
G1301750,1,1573,2,7.729956
G3701030,46,1428,2,8.394601
G2200090,1,1546,2,7.171623
G4500170,46,1513,2,7.846195
G0100450,1,1346,2,8.193217
G1301530,46,1600,2,7.488881
G1300510,1,1424,2,7.448136
G0500190,46,1627,2,7.979656
G2201170,1,1505,2,8.669315
G1303010,46,1574,2,7.819833
G2801570,1,1527,2,8.231282
G4500630,46,1430,2,7.725722
G4803950,1,1556,2,7.235181
G4500410,46,1872,2,7.842571
G4802090,1,1493,2,7.491210
G3700490,46,1389,2,8.538600
G1200330,1,1711,2,8.411770
G1301590,46,1815,2,7.864909
G1300430,1,1512,2,7.073323
G2800990,46,1583,2,8.503700
G2201150,1,1558,2,7.838647
G4500550,46,1671,2,7.862764
G0100310,1,1523,2,7.830307
G1300230,46,1510,2,7.556675
G1303150,1,1602,2,7.785874
G2200170,46,1569,2,7.283505
G4804010,46,1568,2,7.369200
G1302510,1,1756,2,7.404766
G4804710,1,1617,2,7.862792
G1302690,46,1877,2,7.718366
G1200130,1,1606,2,8.025709
G1300210,46,1543,2,7.610977
G1300730,46,1510,2,8.100736
G1200590,1,1693,2,8.705066
G1300290,1,1494,2,8.345624
G3701530,46,1600,2,8.123148
G1301650,46,1275,2,7.592877
G2800310,46,1529,2,8.784534
G2801530,46,1513,2,9.063156
G0100510,46,1131,2,8.029033
G1303070,46,1303,2,7.054929
G2800230,46,1375,2,8.731832
G0100650,46,1269,2,7.973440
G1302590,46,1513,2,8.150850
G4802030,46,1329,2,7.452322
G2800770,46,1460,2,8.814088
G0500570,46,1295,2,7.513015
G4500850,46,1312,2,7.707950
G1300330,46,1313,2,7.311986
