cluster_id,gis_join,is_center
31,G1700050,false
31,G2102330,false
31,G2100590,false
31,G2000210,false
31,G2102130,false
31,G2100570,false
31,G2100010,false
31,G2101830,false
31,G2901830,false
31,G1701890,false
31,G2900510,false
31,G2901890,false
31,G1701010,false
31,G2102270,false
31,G1801010,false
31,G1701330,false
31,G1801430,false
31,G1700590,false
31,G2100910,true
31,G2102150,false
31,G1800610,false
31,G1800510,false
31,G1701510,false
31,G4700870,false
31,G2001330,false
31,G2901860,false
31,G1701630,false
31,G1801730,false
31,G2101630,false
31,G1701190,false
31,G2100550,false
31,G2100270,false
31,G2100290,false
31,G1700470,false
31,G2101070,false
31,G1701650,false
31,G2002050,false
31,G1700270,false
31,G1801630,false
31,G1701910,false
31,G1701570,false
31,G2900310,false
31,G2900990,false
31,G4701470,false
31,G1700770,false
31,G2000370,false
31,G2102190,false
31,G1800370,false
31,G2101790,false
31,G2100310,false
31,G1701850,false
31,G2101410,false
31,G2100610,false
31,G2905100,false
31,G2101230,false
31,G4701110,false
31,G2100930,false
31,G1700690,false
31,G1701210,false
31,G1800250,false
31,G1801290,false
31,G1801230,false
31,G2901510,false
31,G1800270,false
31,G1701450,false
31,G1700250,false
31,G2900710,false
31,G2901570,false
31,G1701990,false
31,G2100850,false
31,G1800830,false
31,G2100090,false
31,G4700270,false
31,G2100870,false
31,G1700650,false
31,G1800430,false
31,G1701930,false
31,G2102250,false
31,G1801250,false
31,G2101110,false
31,G2101710,false
31,G1701590,false
31,G1700870,false
31,G2101490,false
31,G1700550,false
31,G2101770,false
31,G1700810,false
31,G2101690,false
31,G1801470,false
31,G1800190,false
31,G2100030,false
31,G2101010,false
31,G2100990,false
53,G3701530,false
53,G0501330,true
53,G0500030,false
53,G4500570,false
53,G3700630,false
53,G0500610,false
53,G4500310,false
53,G4500330,false
53,G3701070,false
53,G4500870,false
53,G0500990,false
53,G2801550,false
53,G4500690,false
53,G2801030,false
53,G2800870,false
53,G3701650,false
53,G3701050,false
53,G0500430,false
53,G0500730,false
53,G4000130,false
53,G3700930,false
53,G2801590,false
53,G0500570,false
53,G2800190,false
53,G3701550,false
53,G2800250,false
53,G0100730,false
53,G3700370,false
53,G3700130,false
53,G3701910,false
53,G0501090,false
53,G3701330,false
53,G4500550,false
53,G0100370,false
53,G3701010,false
53,G3701030,false
53,G0500690,false
53,G2801050,false
53,G3700510,false
53,G2800150,false
53,G0500590,false
53,G0500110,false
53,G4000230,false
53,G2800070,false
53,G0500130,false
53,G2800950,false
53,G4500250,false
53,G0500190,false
53,G3701250,false
53,G0500250,false
53,G4500610,false
53,G2800970,false
53,G0501250,false
53,G3701630,false
53,G3701370,false
53,G3701670,false
53,G3701830,false
53,G2800130,false
53,G3700070,false
53,G4500410,false
53,G3700490,false
53,G0500390,false
53,G2800430,false
53,G3701770,false
53,G0500790,false
53,G0101170,false
53,G0500530,false
53,G0100750,false
53,G4500230,false
53,G0101250,false
53,G3700850,false
53,G3701230,false
53,G3700610,false
53,G0100570,false
53,G0101270,false
34,G0800650,false
34,G0801110,true
28,G1201150,false
28,G1200090,true
28,G1200270,false
28,G1200570,false
28,G1200970,false
28,G1200610,false
28,G1200490,false
28,G1200930,false
28,G1200550,false
28,G1201050,false
27,G2000790,false
27,G2001670,false
27,G4700010,false
27,G5107700,false
27,G4000410,false
27,G2901190,false
27,G0500870,false
27,G2001510,false
27,G2000990,false
27,G4701290,false
27,G4701850,false
27,G2902130,false
27,G2000090,false
27,G4001030,false
27,G4001130,false
27,G2001410,false
27,G2900910,false
27,G5100670,false
27,G5101610,false
27,G4700630,false
27,G4700890,false
27,G5101250,false
27,G4700730,false
27,G5101650,false
27,G4701230,false
27,G2001630,false
27,G2901230,false
27,G5100190,false
27,G5105300,false
27,G2000770,false
27,G5100230,false
27,G2000950,false
27,G2000530,false
27,G2001730,false
27,G2900670,true
27,G2902030,false
27,G4700510,false
27,G4701750,false
27,G2001050,false
27,G2001850,false
27,G2001590,false
27,G5400310,false
27,G4000030,false
27,G0500070,false
27,G4700930,false
27,G5300050,false
27,G5101710,false
27,G4701390,false
27,G4000530,false
27,G5300210,false
27,G2001550,false
27,G5101570,false
27,G0501010,false
27,G4700570,false
27,G5400650,false
27,G2001910,false
27,G5100790,false
27,G4701150,false
27,G5100690,false
27,G2901790,false
27,G4701410,false
27,G2000190,false
27,G4701730,false
27,G5101130,false
27,G0500090,false
27,G4001150,false
27,G2000350,false
27,G4701770,false
27,G2900090,false
27,G4700090,false
27,G2900650,false
27,G4701530,false
27,G5100090,false
27,G5101390,false
27,G0501290,false
27,G2901450,false
27,G3700390,false
27,G2902090,false
27,G4700410,false
27,G4700350,false
27,G2902150,false
27,G0500150,false
27,G5101870,false
27,G4700150,false
27,G4000710,false
27,G5106600,false
27,G2001250,false
27,G0501430,false
27,G4700610,false
27,G4700310,false
27,G2900930,false
27,G4701430,false
27,G4000470,false
27,G4700070,false
27,G5400270,false
27,G2900430,false
27,G2001130,false
27,G5300710,false
26,G0800530,false
26,G0800790,true
26,G0800190,false
26,G0801170,false
26,G0800150,false
26,G0800970,false
44,G2600150,false
44,G3900890,false
44,G3900230,false
44,G2600490,false
44,G3900810,false
44,G5400290,false
44,G3900990,false
44,G3901430,false
44,G3901510,false
44,G3901590,false
44,G3901010,false
44,G1801390,false
44,G1800870,false
44,G1800110,false
44,G3900470,false
44,G2600590,false
44,G3901350,false
44,G1800850,false
44,G3900030,false
44,G3900770,false
44,G3901570,false
44,G1801830,false
44,G2600370,false
44,G3900270,false
44,G3900130,false
44,G3900670,false
44,G2601490,false
44,G2600770,false
44,G3900410,false
44,G1800530,false
44,G3901070,false
44,G3901550,false
44,G4200030,false
44,G1800230,false
44,G5000210,false
44,G2600750,false
44,G1801590,false
44,G3900210,false
44,G1801410,false
44,G3900570,false
44,G2601230,false
44,G3901530,false
44,G3901330,false
44,G3901690,false
44,G1800390,false
44,G2600870,false
44,G3901470,false
44,G5400090,false
44,G1800670,false
44,G3900450,false
44,G3900590,false
44,G3900070,false
44,G1801770,false
44,G2600930,false
44,G2600650,false
44,G2601390,false
44,G2600670,false
44,G5400690,false
44,G3900650,true
44,G1800990,false
44,G1800590,false
44,G3901490,false
44,G2601170,false
44,G3901090,false
44,G3900750,false
44,G1801510,false
44,G3900190,false
44,G1800950,false
44,G3901110,false
44,G1801350,false
44,G1800750,false
44,G1800910,false
44,G1800410,false
44,G1800350,false
44,G1800090,false
44,G3900430,false
44,G3901230,false
44,G2600450,false
44,G5000070,false
44,G3901170,false
44,G1801130,false
44,G2601270,false
44,G4200730,false
44,G2601510,false
44,G3901270,false
44,G4200070,false
44,G3900910,false
44,G3900830,false
44,G3901390,false
44,G3900110,false
44,G2600630,false
44,G1800650,false
44,G2600230,false
44,G3901030,false
44,G2600810,false
44,G2601070,false
44,G3900330,false
44,G2601550,false
44,G2600250,false
44,G3901210,false
44,G2600270,false
44,G3901750,false
44,G3900290,false
44,G5400950,false
44,G3900050,false
44,G3900970,false
44,G2601570,false
44,G3900370,false
44,G3900930,false
12,G0500330,false
12,G3701350,false
12,G1303130,false
12,G2801410,false
12,G0500230,true
12,G0501150,false
12,G4701210,false
12,G4001350,false
12,G5100290,false
12,G0501490,false
12,G0100430,false
12,G4000810,false
12,G3700970,false
12,G2801390,false
12,G5100830,false
12,G0100830,false
12,G1300470,false
12,G2801170,false
12,G0501050,false
12,G3700330,false
12,G0100090,false
12,G1302950,false
12,G3701570,false
12,G5101470,false
12,G3700770,false
12,G0501130,false
12,G0100790,false
12,G4000870,false
12,G5101430,false
12,G4000950,false
12,G4000490,false
12,G0101030,false
12,G0100590,false
12,G2800090,false
12,G3700810,false
12,G4001370,false
12,G1302130,false
12,G4001070,false
12,G0101330,false
12,G0501310,false
12,G0500290,false
12,G4000730,false
12,G0100770,false
12,G5101350,false
12,G4000690,false
12,G4000510,false
12,G4000190,false
12,G5100370,false
12,G4000630,false
12,G0501410,false
12,G5100490,false
12,G4001330,false
12,G4701030,false
12,G0500470,false
12,G5100890,false
12,G4000010,false
12,G0100490,false
12,G4700110,false
12,G4700650,false
12,G4001190,false
12,G2801450,false
12,G0100550,false
12,G0100890,false
12,G4001210,false
12,G4001250,false
12,G3700670,false
12,G3701970,false
12,G4000050,false
12,G4000290,false
12,G3701690,false
12,G4701090,false
12,G4000310,false
12,G0100930,false
12,G4001010,false
12,G5100310,false
12,G4000990,false
12,G4001230,false
12,G4000790,false
12,G4001270,false
12,G3701590,false
12,G3700570,false
12,G1300150,false
12,G1300570,false
12,G4700690,false
12,G3700010,false
12,G3701450,false
12,G1300550,false
12,G4000270,false
12,G0100710,false
12,G4701810,false
12,G4701070,false
12,G1300830,false
12,G4001090,false
12,G4000830,false
12,G4000770,false
12,G0500830,false
12,G2800030,false
12,G5100110,false
12,G4000210,false
12,G5105900,false
12,G0100330,false
12,G4000610,false
12,G4000910,false
12,G0100190,false
12,G0500630,false
12,G3700590,false
12,G5101110,false
12,G0501270,false
12,G1301290,false
12,G0500710,false
12,G4001110,false
12,G2800930,false
22,G3000630,false
22,G3200270,false
22,G0600630,false
22,G3000490,false
22,G3000350,false
22,G4100630,false
22,G0600490,false
22,G1600390,false
22,G3200310,false
22,G4100350,false
22,G1600730,false
22,G4100130,false
22,G3000770,false
22,G4100170,false
22,G1600030,false
22,G1600510,false
22,G1600770,false
22,G4100610,false
22,G1600310,false
22,G3000290,false
22,G4100230,false
22,G1600050,false
22,G4100450,false
22,G3000530,false
22,G3000610,true
22,G1600490,false
22,G0600930,false
22,G3000810,false
22,G1600710,false
22,G1600630,false
22,G0600910,false
22,G1600670,false
22,G4900030,false
22,G1600110,false
22,G0600350,false
22,G1600150,false
22,G1600830,false
22,G4100370,false
22,G3000470,false
22,G3200130,false
22,G1600650,false
22,G3000070,false
22,G4100010,false
22,G3000890,false
22,G4100250,false
22,G1600790,false
22,G3200290,false
47,G3500590,true
47,G0800710,false
47,G0400170,false
47,G3500570,false
47,G0800310,false
47,G3200230,false
47,G0400050,false
47,G0800730,false
47,G3500010,false
47,G4900530,false
47,G3500190,false
47,G3200090,false
47,G3200170,false
47,G0800010,false
47,G0800390,false
47,G0800050,false
47,G3500470,false
47,G0801230,false
47,G0801210,false
47,G3500210,false
47,G0801010,false
1,G2200850,false
1,G1300070,true
1,G1302290,false
1,G1300610,false
1,G0100030,false
1,G1302610,false
1,G1301830,false
1,G2800050,false
1,G2800630,false
1,G1301850,false
1,G1300010,false
1,G2201030,false
1,G2800390,false
1,G2801470,false
1,G2801310,false
1,G2200390,false
1,G2800590,false
1,G1300370,false
1,G2800730,false
1,G1303210,false
1,G1302870,false
1,G1302350,false
1,G4803950,false
1,G2200250,false
1,G2200330,false
1,G1302750,false
1,G1201330,false
1,G1300950,false
1,G2800470,false
1,G2200590,false
1,G4804910,false
1,G1302790,false
1,G4804070,false
1,G4801450,false
1,G2800410,false
1,G1300750,false
1,G4804770,false
1,G2801110,false
1,G1300870,false
1,G1200130,false
1,G1200590,false
1,G1300290,false
1,G0100450,false
1,G1300510,false
1,G4800270,false
1,G1300710,false
1,G2801570,false
1,G4803310,false
1,G2200630,false
1,G1300050,false
1,G1302830,false
1,G1301910,false
1,G4804710,false
1,G1303090,false
1,G2200370,false
1,G2800350,false
1,G4804030,false
1,G2200030,false
1,G2800450,false
1,G1300030,false
1,G1301770,false
1,G4500530,false
1,G2200690,false
1,G1301750,false
1,G2200110,false
1,G1301090,false
1,G1302770,false
1,G2800010,false
1,G1302710,false
1,G1302090,false
1,G1302010,false
1,G1301550,false
1,G1302430,false
1,G2201150,false
1,G0100310,false
1,G1303150,false
1,G1303050,false
1,G4803510,false
1,G1300650,false
1,G0100670,false
1,G1301070,false
1,G1300250,false
1,G4800510,false
1,G4804570,false
1,G2201250,false
1,G1300430,false
1,G2201270,false
1,G1300270,false
1,G0100610,false
1,G1301730,false
1,G1301270,false
1,G4801850,false
1,G0100970,false
1,G4803130,false
1,G4803390,false
1,G1200390,false
1,G4804530,false
1,G4800050,false
1,G1302670,false
1,G4804050,false
1,G1300190,false
1,G4803730,false
1,G4500130,false
1,G2801090,false
1,G1302050,false
1,G2801130,false
1,G4800210,false
1,G4804550,false
1,G2201050,false
1,G4801990,false
1,G1300170,false
1,G2200910,false
1,G0100690,false
1,G1301030,false
1,G1300990,false
1,G1201310,false
1,G1301310,false
1,G2201170,false
1,G1300930,false
1,G2200790,false
1,G4802870,false
1,G0100390,false
1,G1200630,false
1,G1302990,false
1,G1200910,false
1,G1300910,false
1,G1301610,false
1,G1300690,false
1,G2200210,false
1,G1200330,false
1,G0100530,false
1,G4802410,false
1,G1300810,false
1,G1301790,false
1,G4802250,false
1,G0600590,false
1,G1300310,false
1,G4802890,false
1,G2200290,false
1,G2800910,false
1,G1302530,false
1,G4800410,false
1,G2200430,false
1,G2200090,false
52,G3600730,false
52,G3600290,false
52,G2600890,false
52,G3600630,false
52,G3600670,false
52,G4200490,false
52,G3600450,false
52,G2600950,false
52,G3600650,false
52,G3601230,false
52,G3601170,false
52,G2600210,false
52,G3600110,false
52,G3600890,false
52,G3900350,false
52,G3600550,false
52,G0201000,false
52,G3600190,false
52,G3600690,false
52,G2600610,false
52,G2600090,false
52,G2600030,false
52,G3900850,false
52,G2600830,false
52,G2300030,false
52,G2600850,false
52,G2600190,false
52,G3600750,false
52,G3600370,false
52,G5000110,false
52,G2601050,false
52,G2601590,false
52,G3600990,true
52,G2600550,false
52,G2601010,false
52,G2601650,false
52,G2600050,false
52,G3600510,false
52,G3900550,false
13,G3101390,false
13,G4600250,false
13,G1900350,false
13,G4600430,false
13,G3101790,false
13,G1900930,false
13,G1901670,false
13,G2701330,false
13,G4601170,false
13,G3100030,false
13,G4601290,false
13,G1901490,false
13,G1901430,false
13,G1901410,false
13,G4600870,false
13,G4600750,false
13,G3101070,false
13,G2701730,false
13,G4600570,false
13,G4600370,false
13,G1901190,false
13,G4600850,false
13,G4600150,false
13,G2701210,false
13,G4600990,false
13,G2700630,false
13,G4600610,false
13,G4600110,false
13,G4600650,false
13,G4600350,false
13,G2701170,false
13,G4601150,false
13,G2700330,false
13,G4601190,false
13,G2700050,false
13,G4600030,false
13,G2701270,false
13,G4600830,false
13,G3100430,false
13,G4601270,false
13,G4600170,false
13,G4600050,false
13,G2701050,false
13,G4600790,false
13,G2701010,false
13,G4600490,false
13,G3101730,false
13,G3101670,false
13,G1901930,false
13,G4601010,false
13,G4600590,false
13,G3100510,false
13,G3100890,false
13,G2700830,false
13,G4600390,false
13,G3100110,false
13,G4601250,false
13,G3101190,false
13,G4600090,false
13,G2700410,false
13,G4601350,false
13,G4600530,false
13,G4600670,false
13,G3101830,false
13,G4600450,false
13,G1900410,false
13,G4600890,false
13,G2700810,false
13,G3100270,false
13,G4600270,false
13,G3800290,false
13,G1901610,false
13,G2700730,false
13,G4600230,false
13,G4600510,false
13,G4601230,false
13,G4601110,false
13,G2701510,false
13,G4601090,false
13,G1900590,false
13,G1900470,false
13,G4600210,false
13,G4600910,false
13,G4600730,false
13,G2700230,false
13,G4600770,true
13,G4601070,false
13,G4600290,false
13,G2700290,false
13,G1900210,false
13,G3100150,false
13,G4600970,false
13,G4600690,false
6,G4801070,false
6,G4801690,false
6,G4803050,false
6,G4802270,false
6,G4804150,true
6,G4801730,false
6,G4802690,false
6,G4802630,false
6,G4801010,false
6,G0601110,false
6,G4800330,false
6,G4800810,false
6,G4800450,false
6,G4803350,false
6,G4803030,false
6,G4802350,false
6,G4804510,false
6,G4801510,false
6,G0600290,false
6,G4804330,false
6,G4801250,false
6,G4803450,false
6,G4801910,false
6,G4804350,false
6,G0600370,false
6,G4801050,false
6,G4800750,false
6,G4801290,false
6,G4801150,false
6,G4804310,false
6,G4804130,false
6,G4803530,false
6,G4804410,false
6,G4803830,false
16,G3500250,false
16,G4802430,false
16,G3500130,false
16,G3500270,false
16,G3500050,false
16,G3500410,false
16,G4803770,false
16,G0400250,false
16,G3500110,false
16,G0400030,false
16,G0400110,false
16,G4801410,false
16,G3500290,false
16,G3500510,false
16,G3500530,false
16,G4801090,false
16,G3500350,false
16,G4800790,false
16,G0400090,false
16,G4802290,false
16,G0400230,false
16,G3500230,true
16,G0400070,false
16,G3500170,false
16,G3500610,false
16,G0600270,false
3,G1600590,false
3,G4900290,false
3,G3200070,false
3,G1600190,false
3,G4900050,false
3,G1600430,false
3,G1600290,false
3,G4900330,true
3,G3000570,false
3,G3000930,false
3,G1600230,false
3,G1600070,false
3,G3000310,false
3,G3000230,false
3,G1600250,false
3,G1600370,false
3,G1600410,false
3,G3000010,false
3,G1600130,false
3,G1600330,false
3,G3000670,false
3,G5600390,false
3,G5600230,false
3,G1600810,false
3,G1600850,false
3,G3000390,false
40,G3000710,false
40,G3800150,false
40,G3800070,false
40,G3800830,false
40,G3800250,false
40,G3800850,false
40,G3800510,false
40,G3800010,false
40,G3800470,false
40,G3800870,false
40,G3001050,false
40,G3800590,false
40,G3801010,false
40,G3000850,false
40,G3800330,false
40,G3000190,false
40,G3800650,false
40,G3800550,false
40,G3800370,false
40,G3800410,false
40,G3800530,true
40,G4600310,false
40,G3801050,false
40,G3000910,false
40,G4600410,false
40,G3800570,false
40,G3800230,false
40,G3800130,false
40,G3000830,false
40,G3800610,false
40,G3800890,false
20,G0801190,false
20,G0801090,true
20,G0800370,false
20,G0801050,false
20,G0800490,false
20,G0800910,false
20,G0800510,false
20,G0800470,false
20,G0800930,false
20,G0800210,false
20,G0800570,false
54,G4803710,false
54,G4803010,false
54,G4803290,false
54,G4804950,true
54,G0400150,false
54,G0400130,false
54,G4803890,false
54,G4804450,false
54,G4800430,false
54,G4801030,false
54,G4804750,false
54,G4800030,false
54,G0400210,false
54,G4804610,false
54,G4804430,false
54,G0400120,false
54,G3500150,false
54,G4803170,false
54,G4801650,false
54,G4805010,false
54,G0600710,false
54,G0400190,false
54,G0600650,false
54,G3200030,false
54,G4801350,false
48,G4100150,false
48,G0600690,false
48,G0600210,false
48,G0600150,false
48,G0600850,false
48,G0600070,false
48,G0600230,true
48,G0600450,false
48,G4100470,false
48,G0601030,false
48,G5300150,false
48,G5300090,false
5,G2001750,false
5,G0800250,false
5,G2000930,false
5,G3500370,false
5,G4802790,false
5,G0600190,false
5,G2000810,false
5,G4804370,false
5,G4801530,false
5,G0800110,false
5,G4803690,false
5,G2001890,false
5,G2001290,false
5,G4000250,false
5,G2001990,false
5,G0801250,false
5,G4803590,false
5,G0800090,false
5,G2000670,false
5,G4801170,false
5,G4803930,false
5,G4801890,false
5,G4801790,false
5,G3701750,false
5,G4800690,false
5,G2000230,false
5,G4804210,false
5,G2001870,false
5,G0801150,false
5,G2000750,false
5,G0601070,false
5,G4803810,false
5,G0800890,false
5,G4800110,false
5,G0800990,true
5,G0800610,false
5,G3500090,false
5,G4801110,false
5,G4803750,false
5,G0600430,false
5,G2000710,false
5,G4800170,false
5,G0800950,false
5,G4803410,false
5,G4803570,false
5,G2001810,false
5,G4801950,false
5,G4800650,false
5,G4001390,false
5,G0800170,false
5,G0800870,false
5,G4802050,false
5,G3100570,false
5,G0800750,false
5,G4802330,false
5,G4802190,false
5,G2002030,false
5,G0800630,false
19,G3100230,false
19,G1900050,false
19,G1900510,false
19,G1900790,false
19,G1900750,false
19,G1900490,false
19,G3101770,false
19,G1901530,false
19,G1900850,false
19,G2900810,false
19,G2902270,false
19,G1901070,false
19,G3101410,false
19,G1900290,false
19,G1901730,false
19,G3101470,false
19,G1901810,false
19,G5500430,false
19,G2000430,false
19,G1901370,false
19,G5500490,false
19,G2001310,false
19,G3101330,false
19,G3101310,false
19,G3100370,false
19,G1901270,false
19,G1901450,true
19,G1900070,false
19,G1901210,false
19,G3100350,false
19,G5500230,false
19,G1901870,false
19,G1901750,false
19,G2901710,false
19,G3101550,false
19,G1901790,false
19,G1901230,false
19,G1901590,false
19,G1901850,false
19,G2902110,false
19,G1900710,false
19,G1901570,false
19,G1901690,false
19,G5501230,false
19,G3100210,false
19,G1900250,false
19,G1900150,false
19,G1900090,false
19,G1901550,false
19,G2900050,false
19,G3101270,false
19,G5500650,false
19,G3101090,false
19,G3100590,false
19,G1901650,false
19,G3101250,false
19,G1900270,false
19,G3101510,false
19,G1901250,false
19,G2901290,false
19,G3101210,false
19,G1901010,false
19,G1901170,false
19,G3101590,false
19,G1900990,false
19,G1901710,false
19,G2901470,false
19,G1900010,false
19,G3100250,false
19,G2000130,false
19,G3100810,false
19,G3100390,false
19,G1900530,false
19,G3100670,false
19,G1901330,false
19,G1900030,false
19,G3101850,false
19,G3100970,false
19,G2900870,false
19,G1901510,false
19,G1901350,false
19,G1901290,false
19,G3101530,false
19,G3100530,false
19,G1900770,false
19,G1900390,false
19,G3101430,false
19,G3100550,false
19,G5501110,false
19,G1900730,false
19,G1900830,false
41,G0900110,false
41,G4400050,false
41,G2400150,false
41,G2500210,false
41,G4200910,false
41,G1000050,false
41,G3400090,false
41,G3400110,false
41,G2400110,false
41,G4200770,false
41,G2300230,false
41,G2300010,false
41,G0900130,false
41,G2500070,false
41,G2500230,false
41,G0900090,true
41,G2500050,false
41,G2400210,false
41,G2300130,false
41,G3400050,false
41,G2400050,false
41,G2500010,false
41,G3400030,false
41,G3400310,false
41,G3600790,false
41,G3400250,false
41,G0900030,false
41,G4200010,false
41,G4200290,false
41,G2400270,false
41,G0900150,false
41,G3400230,false
41,G3600850,false
41,G4201330,false
41,G3600270,false
41,G5400030,false
41,G2400130,false
41,G3400290,false
41,G3400330,false
41,G3400010,false
41,G3400070,false
41,G4200450,false
41,G4200710,false
41,G2400250,false
41,G4200170,false
41,G3400410,false
41,G2400310,false
41,G3600470,false
41,G3400210,false
41,G2300150,false
41,G3400190,false
41,G0900070,false
41,G3400130,false
41,G3300150,false
41,G2300110,false
41,G4200110,false
41,G3400350,false
41,G3400150,false
41,G4400030,false
41,G5100430,false
41,G3400270,false
41,G4400090,false
41,G0900010,false
41,G4200950,false
41,G3300170,false
41,G2400350,false
41,G2500250,false
41,G5400370,false
41,G2300310,false
41,G4400010,false
41,G5101070,false
41,G2400430,false
41,G3600870,false
41,G1000030,false
41,G3600710,false
41,G2300050,false
41,G1000010,false
41,G4200750,false
41,G2500170,false
41,G3400390,false
41,G3600810,false
41,G3601190,false
41,G2400290,false
41,G4400070,false
41,G4200430,false
41,G2500190,false
43,G2800670,false
43,G0100850,false
43,G4500510,false
43,G0100630,false
43,G1301650,false
43,G0100010,true
43,G1301530,false
43,G1303010,false
43,G4500630,false
43,G4500670,false
43,G0501390,false
43,G4500370,false
43,G0600310,false
43,G2800370,false
43,G0100470,false
43,G1301450,false
43,G1301890,false
43,G4803650,false
43,G2201190,false
43,G1301670,false
43,G1302590,false
43,G4802030,false
43,G2800770,false
43,G0101310,false
43,G1301930,false
43,G4500270,false
43,G0100230,false
43,G4500170,false
43,G1302630,false
43,G2800690,false
43,G4500350,false
43,G1301810,false
43,G1300330,false
43,G2200170,false
43,G0500270,false
43,G1303170,false
43,G1303070,false
43,G0101010,false
43,G4500650,false
43,G0100050,false
43,G4800670,false
43,G4500430,false
43,G0101290,false
43,G2800750,false
43,G0100070,false
43,G2801210,false
43,G2200490,false
43,G0101190,false
43,G4500090,false
43,G0100990,false
43,G1303030,false
43,G1302370,false
43,G4500030,false
43,G4500790,false
43,G0100910,false
43,G1301970,false
43,G0600250,false
43,G4500050,false
43,G2800230,false
43,G0100650,false
43,G1301050,false
43,G2200130,false
43,G0101130,false
43,G3700470,false
43,G3700190,false
43,G3701290,false
43,G3700170,false
43,G2800610,false
43,G2800990,false
43,G1300210,false
43,G1300730,false
43,G2201110,false
43,G4500750,false
43,G0100250,false
43,G1300090,false
43,G0101090,false
43,G1302070,false
43,G2800210,false
43,G2801010,false
43,G1303190,false
43,G1301330,false
43,G2801230,false
43,G0101070,false
43,G1300230,false
43,G0100110,false
43,G1301250,false
43,G1302510,false
43,G4500150,false
43,G4804010,false
43,G1302690,false
43,G4500810,false
43,G1302650,false
43,G1301410,false
43,G4500890,false
43,G2800850,false
43,G0400270,false
43,G4500470,false
43,G0100350,false
43,G4800730,false
43,G1300530,false
43,G0100130,false
43,G1302390,false
43,G2801270,false
43,G4804190,false
43,G2200270,false
43,G1301590,false
43,G1302930,false
43,G1302250,false
43,G4500110,false
43,G1302450,false
43,G2800290,false
43,G0100210,false
43,G4500850,false
43,G0100870,false
43,G1302890,false
43,G2800310,false
43,G2801530,false
43,G0100510,false
43,G2800650,false
43,G4803150,false
43,G2800790,false
43,G4500290,false
43,G4500490,false
43,G0101050,false
43,G2200310,false
43,G2801290,false
43,G4500390,false
43,G0101230,false
43,G0501030,false
43,G1301690,false
43,G1301630,false
43,G0100810,false
43,G2200610,false
43,G3701410,false
43,G0100410,false
43,G4500710,false
43,G4803470,false
43,G1300790,false
43,G1302150,false
15,G3600410,false
15,G5400810,false
15,G5000090,false
15,G5400670,false
15,G4201230,false
15,G4200510,false
15,G5400770,false
15,G3600250,false
15,G3600030,false
15,G0201100,false
15,G5000150,false
15,G3601210,false
15,G3600330,false
15,G3600430,false
15,G2400230,false
15,G4200830,false
15,G5401010,false
15,G3600230,false
15,G4200210,false
15,G5400970,false
15,G5400930,false
15,G0201300,false
15,G3600130,false
15,G0201050,false
15,G3600490,false
15,G0202750,false
15,G3600770,false
15,G0202200,false
15,G2600130,false
15,G3601090,false
15,G0201950,false
15,G3600090,true
15,G4201110,false
15,G3600530,false
15,G5000190,false
15,G3300070,false
37,G1301510,false
37,G1301150,false
37,G4001410,false
37,G4803630,false
37,G0100170,false
37,G0500510,false
37,G3700030,false
37,G1300970,false
37,G4500830,false
37,G3701610,false
37,G4000670,false
37,G4500770,false
37,G4800230,false
37,G1300450,false
37,G1301950,false
37,G1300890,false
37,G3700450,false
37,G0101150,false
37,G4804470,false
37,G4500910,false
37,G4800970,false
37,G1301710,false
37,G0100290,false
37,G4803670,false
37,G1302470,false
37,G1302110,false
37,G3700350,false
37,G1301570,false
37,G4500070,false
37,G1302230,false
37,G1302330,false
37,G0100270,false
37,G1300670,false
37,G1300110,false
37,G1301130,false
37,G1301390,false
37,G4804290,false
37,G0101210,false
37,G1300350,false
37,G3700710,false
37,G4000850,false
37,G4802750,false
37,G4800090,false
37,G3701790,false
37,G4800770,false
37,G1301990,false
37,G4803370,false
37,G1302570,false
37,G1302550,false
37,G1302970,true
37,G1301190,false
37,G1301210,false
37,G1302190,false
37,G1302850,false
37,G4000890,false
37,G4500210,false
37,G1301490,false
37,G1300770,false
37,G1301470,false
37,G1300130,false
37,G4000330,false
37,G0101110,false
37,G4804970,false
37,G4804870,false
37,G0500970,false
37,G4802370,false
37,G4801550,false
37,G4500010,false
37,G0100150,false
37,G4500450,false
37,G4805030,false
37,G1302210,false
37,G4804850,false
37,G3701510,false
37,G4500730,false
37,G3700250,false
37,G3701090,false
37,G1302170,false
37,G1300590,false
37,G1301350,false
37,G3701190,false
37,G4000650,false
37,G1301170,false
37,G4500590,false
37,G1300630,false
37,G1301430,false
37,G4801970,false
17,G5500810,false
17,G2701030,false
17,G1901950,false
17,G2700210,false
17,G5500110,false
17,G2701530,false
17,G1901090,false
17,G1900910,false
17,G2700530,false
17,G2700570,false
17,G2700310,false
17,G5500170,false
17,G5501190,false
17,G2700910,false
17,G2701470,false
17,G2700670,false
17,G5500670,false
17,G5500910,false
17,G5500130,false
17,G1901890,false
17,G2700790,false
17,G2700430,false
17,G2700010,false
17,G2701430,false
17,G2701590,false
17,G2701150,false
17,G2700030,false
17,G1901310,true
17,G2700390,false
17,G2701290,false
17,G5500190,false
17,G5500050,false
17,G5500950,false
17,G1900670,false
17,G2700710,false
17,G1900890,false
17,G2701230,false
17,G5500730,false
17,G2701630,false
17,G2701390,false
17,G2700970,false
17,G1900810,false
17,G1901910,false
17,G1900630,false
17,G2700550,false
17,G2700490,false
17,G2701450,false
17,G2700130,false
17,G2701570,false
17,G2700610,false
17,G2700950,false
17,G2700370,false
17,G2700850,false
17,G1900650,false
17,G1901470,false
17,G5500930,false
17,G2700650,false
17,G2700350,false
17,G2701090,false
17,G2701610,false
17,G1900690,false
17,G2700590,false
17,G5500070,false
17,G5501290,false
17,G5501090,false
17,G1900370,false
17,G2701310,false
17,G5501070,false
17,G2700450,false
17,G5500690,false
17,G5501130,false
17,G5501210,false
17,G5500350,false
17,G2700150,false
17,G2701650,false
17,G2700990,false
17,G2700250,false
17,G5500330,false
17,G2700070,false
17,G2700190,false
17,G2700750,false
17,G1900230,false
17,G2700170,false
17,G2701410,false
17,G2701710,false
17,G2700090,false
17,G2701690,false
17,G2700930,false
17,G1901970,false
17,G1900330,false
17,G2700470,false
9,G4000930,false
9,G4802950,false
9,G5100150,false
9,G5101630,false
9,G4000110,false
9,G4000090,false
9,G3700270,false
9,G3700230,false
9,G1302810,false
9,G4802110,false
9,G3700890,false
9,G1302270,false
9,G4000430,true
9,G4800870,false
9,G1301870,false
9,G4000170,false
9,G2001190,false
9,G1301230,false
9,G3701110,false
9,G1303110,false
9,G1302910,false
9,G4001490,false
9,G1300850,false
9,G2000970,false
9,G1301110,false
9,G4000590,false
9,G3701930,false
9,G2000570,false
9,G4001290,false
9,G4804830,false
9,G4000150,false
9,G2001450,false
9,G4000390,false
9,G4001530,false
9,G2000510,false
9,G2000070,false
9,G2000250,false
9,G4001510,false
9,G1301370,false
9,G1302410,false
9,G4000450,false
9,G2001650,false
9,G5101410,false
9,G4000570,false
9,G3701490,false
9,G3701710,false
9,G2000330,false
9,G4000750,false
9,G4000550,false
9,G2000470,false
9,G4000070,false
35,G4804090,false
35,G4800250,false
35,G4800070,false
35,G1201270,false
35,G4804790,false
35,G1200170,false
35,G1200950,true
35,G1201010,false
35,G1200530,false
35,G4803910,false
35,G1201170,false
35,G1200690,false
35,G4802970,false
35,G1201190,false
35,G4801310,false
35,G4803110,false
35,G4802490,false
4,G4700850,false
4,G4701050,false
4,G4700950,false
4,G0500750,false
4,G3600610,false
4,G2901330,false
4,G2101450,false
4,G5100470,false
4,G4701890,false
4,G2902010,false
4,G5100130,false
4,G4201010,false
4,G4700370,false
4,G5100610,false
4,G5101790,false
4,G4700550,false
4,G2100750,false
4,G2100330,false
4,G2405100,false
4,G0500050,false
4,G5106800,false
4,G1100010,false
4,G0500310,false
4,G4700990,false
4,G2101390,false
4,G4701690,false
4,G1700030,false
4,G4701170,false
4,G2400370,false
4,G4700450,false
4,G4701650,false
4,G4700030,false
4,G0500650,false
4,G4700830,false
4,G4701190,false
4,G4700050,false
4,G2400090,false
4,G0500490,false
4,G2100070,false
4,G5100990,false
4,G2400330,false
4,G0501110,false
4,G4701350,false
4,G2100830,false
4,G1701270,false
4,G4701130,false
4,G4701590,false
4,G1701530,false
4,G4700390,false
4,G4001450,false
4,G4701310,false
4,G2900170,false
4,G5100030,false
4,G4001170,false
4,G0501210,false
4,G2400390,false
4,G2400470,false
4,G5100650,false
4,G4700170,true
4,G2901490,false
4,G4700470,false
4,G4001470,false
4,G2101050,false
4,G2900230,false
4,G4701870,false
4,G4700330,false
4,G2100390,false
4,G5101770,false
4,G2400450,false
4,G5101090,false
4,G5100590,false
4,G4700750,false
4,G2900350,false
4,G4701670,false
4,G2400190,false
4,G2902070,false
4,G2100470,false
4,G4700430,false
4,G2901810,false
4,G4700810,false
4,G4700530,false
4,G2901430,false
4,G2102210,false
4,G4700970,false
4,G4701490,false
4,G0500930,false
4,G4000970,false
4,G2900690,false
4,G1701810,false
4,G0500550,false
4,G4001310,false
4,G4700770,false
4,G4000370,false
4,G0501350,false
4,G2902230,false
4,G5101530,false
4,G2101570,false
4,G5105100,false
4,G2101430,false
4,G4700710,false
4,G4701830,false
4,G4701270,false
4,G2901550,false
4,G0501370,false
4,G4000350,false
4,G5106300,false
4,G4700790,false
4,G0500210,false
4,G4001050,false
4,G2901530,false
4,G4701010,false
4,G5100010,false
4,G2400170,false
4,G4001430,false
4,G0500890,false
4,G4701610,false
4,G4700230,false
4,G4700210,false
4,G4701250,false
4,G5101370,false
4,G2100350,false
55,G2901850,false
55,G2900970,false
55,G2901870,false
55,G0900050,false
55,G2001230,false
55,G4200930,false
55,G2002070,false
55,G2900590,false
55,G2000490,false
55,G2901690,false
55,G2000890,false
55,G2000170,false
55,G2902250,false
55,G2900110,false
55,G2901050,false
55,G4200570,false
55,G2901390,false
55,G2001270,false
55,G2901610,false
55,G2900150,false
55,G2000410,false
55,G2900730,false
55,G2902210,false
55,G3300010,false
55,G2900770,false
55,G3300050,false
55,G2500110,false
55,G2901670,false
55,G2000110,false
55,G2000730,false
55,G4200890,false
55,G2900290,false
55,G2900570,false
55,G2001830,false
55,G2901410,true
55,G2900190,false
55,G2000290,false
55,G2500150,false
55,G2900850,false
55,G2000310,false
55,G2900830,false
55,G2001430,false
55,G2900270,false
55,G2902170,false
55,G4200870,false
55,G2000010,false
55,G2000270,false
55,G2901090,false
55,G2901310,false
55,G4200990,false
55,G2500130,false
55,G2902290,false
55,G4201190,false
55,G2500270,false
55,G4200610,false
55,G4200670,false
55,G4200250,false
55,G2000610,false
55,G3601110,false
55,G4200550,false
55,G4200970,false
55,G3600210,false
55,G4201070,false
55,G2901250,false
55,G2900390,false
55,G2901130,false
55,G4200410,false
55,G2000030,false
55,G2902190,false
55,G4200370,false
55,G2001110,false
55,G2001150,false
55,G2001070,false
55,G2901350,false
55,G2000150,false
55,G2001690,false
55,G2900550,false
55,G2001610,false
55,G2400010,false
55,G4201090,false
55,G3300110,false
55,G3400370,false
8,G2101910,false
8,G2100970,false
8,G5400390,false
8,G2101550,false
8,G2101370,false
8,G3900090,false
8,G2102110,false
8,G3901450,false
8,G4701370,false
8,G2100210,false
8,G5400790,false
8,G2100130,false
8,G2100150,false
8,G2102170,false
8,G2101750,false
8,G2102070,false
8,G2101810,false
8,G5400850,false
8,G2101850,false
8,G2102050,false
8,G2100730,false
8,G5300250,false
8,G3900610,false
8,G2100230,false
8,G2100790,false
8,G1801170,false
8,G2100890,false
8,G1801150,false
8,G2101170,false
8,G2100430,false
8,G2102370,false
8,G4701330,false
8,G3900250,false
8,G2101510,true
8,G2100410,false
8,G1800130,false
8,G5400530,false
8,G3900790,false
8,G2102390,false
8,G2100810,false
8,G2101990,false
8,G2101270,false
8,G2100650,false
8,G2101890,false
8,G3901050,false
8,G2101930,false
8,G2101950,false
8,G2100630,false
8,G2100170,false
8,G2102230,false
8,G3901310,false
8,G2102030,false
8,G2101150,false
8,G2102310,false
8,G2101670,false
8,G4700130,false
8,G2101530,false
8,G2100490,false
8,G2101590,false
8,G2102010,false
8,G5400130,false
8,G2100190,false
8,G2102350,false
8,G4700490,false
8,G1801550,false
8,G5400210,false
8,G5401050,false
8,G2101210,false
8,G2101970,false
8,G2101130,false
8,G4700670,false
8,G2100770,false
8,G2100250,false
8,G1801750,false
8,G2101650,false
8,G5400110,false
8,G2101250,false
8,G2100530,false
8,G2101310,false
8,G5400990,false
8,G2100450,false
8,G5400730,false
8,G3900530,false
8,G2101610,false
8,G3900870,false
8,G1800930,false
8,G2100710,false
8,G2101090,false
8,G1800770,false
8,G5400590,false
8,G5400430,false
8,G4700250,false
8,G3901630,false
8,G3900010,false
8,G2100050,false
8,G2101290,false
8,G2102090,false
8,G2100690,false
8,G1800710,false
8,G2100670,false
8,G2101470,false
8,G3901670,false
8,G2101190,false
8,G5400870,false
8,G5401070,false
8,G4700590,false
8,G2102290,false
8,G2100110,false
8,G2101030,false
8,G2100370,false
8,G2101730,false
8,G2101870,false
8,G2100510,false
8,G2101350,false
8,G5400350,false
8,G4701510,false
23,G4100050,false
23,G5300230,false
23,G5300430,false
23,G5300410,false
23,G5101050,false
23,G5300750,false
23,G4100590,false
23,G4100650,false
23,G5300130,false
23,G4100550,false
23,G5100450,false
23,G4100330,false
23,G5101550,false
23,G1600690,false
23,G4100390,false
23,G1600270,false
23,G0600390,false
23,G4100190,false
23,G4100490,false
23,G4700290,false
23,G0600050,false
23,G5300330,false
23,G1600750,false
23,G5300010,false
23,G4701550,false
23,G5300390,true
23,G4701790,false
23,G4701630,false
23,G4100430,false
23,G0600330,false
23,G5101690,false
23,G5300630,false
23,G5101210,false
23,G5300610,false
23,G0600090,false
23,G4100210,false
23,G5100710,false
39,G3101150,false
39,G4600710,false
39,G3100930,false
39,G4600070,false
39,G3000050,false
39,G3100410,false
39,G3000110,false
39,G4600550,false
39,G4601050,false
39,G3100010,false
39,G3000330,false
39,G3100710,false
39,G3101490,false
39,G3000210,false
39,G3101370,false
39,G3100790,false
39,G4600630,false
39,G3101810,false
39,G3100190,false
39,G3100990,false
39,G4600190,false
39,G4601370,false
39,G3001010,false
39,G3101750,false
39,G3000550,false
39,G3000410,false
39,G3000170,false
39,G3000250,false
39,G3101630,false
39,G3100090,false
39,G3000510,false
39,G3100610,false
39,G3100170,false
39,G4600950,false
39,G3000790,false
39,G3100770,false
39,G3001090,false
39,G4600930,false
39,G4601210,true
39,G3800110,false
39,G3101030,false
49,G0600570,false
49,G1600170,false
49,G5101970,false
49,G4100690,false
49,G1600450,false
49,G3700870,false
49,G1600010,false
49,G0600610,false
49,G1600570,false
49,G0600890,false
49,G1600350,false
49,G4100290,false
49,G1600610,true
49,G1600090,false
49,G1600470,false
49,G5400710,false
49,G0600170,false
49,G5100770,false
49,G4100310,false
49,G5300030,false
49,G3701730,false
49,G1600530,false
49,G1600550,false
49,G3700750,false
49,G5100910,false
7,G0600130,false
7,G0600410,false
7,G0601150,false
7,G0600970,false
7,G0600530,false
7,G0601130,true
7,G0600950,false
7,G0600990,false
7,G0600010,false
7,G0600110,false
7,G0600750,false
7,G0601010,false
7,G0600670,false
7,G0600870,false
7,G0600470,false
7,G0600550,false
7,G0600810,false
51,G4802090,false
51,G4800950,false
51,G4802590,false
51,G4803850,false
51,G4801710,false
51,G4800490,false
51,G4801330,false
51,G4803990,false
51,G4802810,false
51,G4800310,false
51,G4802670,false
51,G4804170,false
51,G0600830,false
51,G0600790,false
51,G4801370,false
51,G0600730,false
51,G4803070,false
51,G4800590,false
51,G4801430,false
51,G4802070,false
51,G4803190,true
51,G4803270,false
51,G4800830,false
51,G4800190,false
51,G4800910,false
51,G4803330,false
51,G4802650,false
51,G4801930,false
51,G4802710,false
51,G4802530,false
51,G4804630,false
51,G4800930,false
51,G4804650,false
51,G4804110,false
51,G4800530,false
51,G4802990,false
10,G3000750,false
10,G3100830,false
10,G3701130,false
10,G2001350,false
10,G5100630,false
10,G3101350,false
10,G3101450,false
10,G3101710,false
10,G2000690,false
10,G3101170,false
10,G3000870,false
10,G3700430,false
10,G3700210,false
10,G2000390,false
10,G3100290,false
10,G4601130,false
10,G3001110,false
10,G3100870,false
10,G2001090,false
10,G3100470,false
10,G3000690,false
10,G2001710,false
10,G2001470,false
10,G2000650,false
10,G3700050,false
10,G2001790,false
10,G2001370,false
10,G3101110,true
10,G3700990,false
10,G3100310,false
10,G5100350,false
10,G2001530,false
10,G3101010,false
10,G3000650,false
10,G2000830,false
10,G5100170,false
10,G3100850,false
10,G2001930,false
10,G3001030,false
10,G3100730,false
10,G2000550,false
10,G3100630,false
10,G2001950,false
10,G3000150,false
10,G2001010,false
10,G3101130,false
10,G3100910,false
10,G4600470,false
10,G2000630,false
10,G3100650,false
10,G5100050,false
50,G2800490,false
50,G4801830,false
50,G2801250,false
50,G2200150,false
50,G2200730,false
50,G2800550,false
50,G4800370,false
50,G4802210,false
50,G4804490,false
50,G2200410,false
50,G4802170,false
50,G4802230,false
50,G2800510,false
50,G2200830,false
50,G2200350,false
50,G4804670,false
50,G2800530,false
50,G4802130,false
50,G4802770,false
50,G0500410,false
50,G4802570,false
50,G4800350,false
50,G4801810,false
50,G0500170,false
50,G2800830,false
50,G4801590,false
50,G4800630,true
50,G4803090,false
50,G4801470,false
50,G2800890,false
50,G4804590,false
50,G2200670,false
50,G4801210,false
50,G4800990,false
50,G2801630,false
50,G4803970,false
50,G4803870,false
50,G2200650,false
50,G4800850,false
50,G0500810,false
50,G4804390,false
50,G4804990,false
50,G4804230,false
50,G4802310,false
50,G4803430,false
50,G2801510,false
50,G4801130,false
50,G2200810,false
50,G4802510,false
50,G2801490,false
50,G4801390,false
50,G2201070,false
50,G4800010,false
50,G2201230,false
50,G4802930,false
50,G4801190,false
50,G2801330,false
50,G4804250,false
50,G4803790,false
50,G2800110,false
50,G4801610,false
50,G0500910,false
50,G4803490,false
45,G3500390,false
45,G4900070,false
45,G0801030,false
45,G5600070,false
45,G0800450,true
45,G4900390,false
45,G5600370,false
45,G5600350,false
45,G5600130,false
45,G5600290,false
45,G0600030,false
45,G5600410,false
45,G4900410,false
45,G0800290,false
45,G0801070,false
45,G5600010,false
45,G4900510,false
45,G0800850,false
45,G4900310,false
45,G4900130,false
38,G1200470,false
38,G1200450,false
38,G1201210,false
38,G4803250,false
38,G1201250,false
38,G1200890,false
38,G4802830,false
38,G1200230,false
38,G1200190,true
38,G4803230,false
38,G1200070,false
38,G4802550,false
38,G4805070,false
38,G1200830,false
38,G1200770,false
38,G4804930,false
38,G1300490,false
38,G1200030,false
38,G1201290,false
38,G4800290,false
38,G1300390,false
38,G4801630,false
38,G1200370,false
38,G4800130,false
38,G1200750,false
38,G1200790,false
38,G1200350,false
38,G1200290,false
38,G1200310,false
38,G1200410,false
38,G1301010,false
38,G1200730,false
38,G1200670,false
38,G1201070,false
38,G1201230,false
38,G1200010,false
38,G4801270,false
38,G1200650,false
25,G4600810,false
25,G3000270,false
25,G3100050,false
25,G3000030,false
25,G5600450,false
25,G5600150,false
25,G3100070,false
25,G5600330,false
25,G5600050,true
25,G3000990,false
25,G4601030,false
25,G3000370,false
25,G3100130,false
25,G3100490,false
25,G3100750,false
25,G3101050,false
25,G3101570,false
25,G3101610,false
25,G5600310,false
25,G3100690,false
25,G3200010,false
25,G3001070,false
25,G4600330,false
25,G4900110,false
25,G4900450,false
25,G3101650,false
25,G3000130,false
25,G3100330,false
25,G3000450,false
25,G5600270,false
25,G3100450,false
25,G3000730,false
25,G5600110,false
25,G3101230,false
24,G3800950,false
24,G3800910,true
24,G3800730,false
24,G3800050,false
24,G4600130,false
24,G2701130,false
24,G2701110,false
24,G2701670,false
24,G3800710,false
24,G3800390,false
24,G3800190,false
24,G3800670,false
24,G2700690,false
24,G3800350,false
24,G2701190,false
24,G3800690,false
24,G2701550,false
24,G2701350,false
24,G3800170,false
24,G3800930,false
24,G2700870,false
24,G3800450,false
24,G2701070,false
24,G3800430,false
24,G3800030,false
24,G3800990,false
24,G3800210,false
24,G2701490,false
24,G3801030,false
24,G3800770,false
24,G2700270,false
24,G3800970,false
24,G3800750,false
24,G3800310,false
24,G3800810,false
24,G2700770,false
24,G3800090,false
24,G3800630,false
24,G2700890,false
24,G2700510,false
24,G3800790,false
24,G3800270,false
24,G3800490,false
24,G2700110,false
24,G2701250,false
29,G2901970,false
29,G2901170,false
29,G1900190,false
29,G5501270,false
29,G3101290,false
29,G1701090,false
29,G1701750,false
29,G5500550,false
29,G5500770,false
29,G1700070,false
29,G5500530,false
29,G1901770,false
29,G5500390,false
29,G1901130,false
29,G5500270,false
29,G5500630,false
29,G1702030,false
29,G2001170,false
29,G1701030,false
29,G5500970,false
29,G2900610,false
29,G2901150,false
29,G1900550,false
29,G2901770,false
29,G1900450,false
29,G5500710,false
29,G5500090,false
29,G1900130,false
29,G2900490,false
29,G1901830,false
29,G1901150,false
29,G1900170,false
29,G5501010,false
29,G5500450,false
29,G1701430,false
29,G1701550,false
29,G2901110,false
29,G1901050,false
29,G1700850,false
29,G5500890,false
29,G5500250,false
29,G1700570,false
29,G1700950,false
29,G5500290,false
29,G2900750,false
29,G2002010,false
29,G1701690,false
29,G1900570,false
29,G5500010,false
29,G5501370,false
29,G1700150,false
29,G5501350,false
29,G5501030,false
29,G1701110,false
29,G5500150,false
29,G5500470,false
29,G5501390,false
29,G2902050,false
29,G1900610,false
29,G5501050,false
29,G2901990,false
29,G5501310,false
29,G1900430,false
29,G5500870,false
29,G5501330,false
29,G2900210,false
29,G1701410,true
29,G1900110,false
29,G1900970,false
29,G1700110,false
29,G1900950,false
29,G1701610,false
29,G1900870,false
29,G5501150,false
29,G1700010,false
29,G5500790,false
29,G3100950,false
29,G1700710,false
29,G1701310,false
29,G2900330,false
29,G2900630,false
29,G1901390,false
29,G5500210,false
29,G5501170,false
29,G3101690,false
29,G2901210,false
29,G2901030,false
29,G2900010,false
29,G5500570,false
29,G1700670,false
29,G1701770,false
29,G1901630,false
29,G5500590,false
29,G1701230,false
29,G2900790,false
29,G5501410,false
29,G2900250,false
29,G1701870,false
29,G1701950,false
29,G1700730,false
29,G1901030,false
29,G5500610,false
29,G2900410,false
29,G2001570,false
29,G1700970,false
29,G2000050,false
29,G2900030,false
29,G1700890,false
29,G1700370,false
29,G2900450,false
29,G1900310,false
29,G1702010,false
29,G1700090,false
29,G1901110,false
21,G3500030,false
21,G0800590,false
21,G0800030,false
21,G3500070,false
21,G0800550,false
21,G0800410,false
21,G3500330,true
21,G3500490,false
21,G3500310,false
21,G3500280,false
21,G0800350,false
21,G3500060,false
21,G0800430,false
21,G0400010,false
21,G3500430,false
32,G4201170,false
32,G2601370,false
32,G5000050,false
32,G2601310,false
32,G3600970,false
32,G4200230,false
32,G3600390,false
32,G2500030,false
32,G2300070,false
32,G4200150,false
32,G3600150,false
32,G2300250,false
32,G3601010,false
32,G5500850,false
32,G3600170,false
32,G5500410,false
32,G3600350,false
32,G2601030,false
32,G4200130,false
32,G2601130,false
32,G3601070,false
32,G5000030,false
32,G2600790,false
32,G5000230,false
32,G5500990,false
32,G5500510,false
32,G2600530,false
32,G4201310,false
32,G5500030,false
32,G5000270,false
32,G3600950,false
32,G4201270,false
32,G5501250,false
32,G3601050,false
32,G3300090,true
32,G5000170,false
32,G3600310,false
32,G4201150,false
32,G2600710,false
32,G3600070,false
32,G2601330,false
32,G2300170,false
32,G2300210,false
32,G2600390,false
32,G4200690,false
32,G4201130,false
32,G4201050,false
32,G5000250,false
33,G0601050,false
33,G5300590,false
33,G5400750,false
33,G5400230,false
33,G5400250,false
33,G3701990,false
33,G3700090,false
33,G5300070,false
33,G4700910,false
33,G5300570,false
33,G3700110,false
33,G5101730,false
33,G5400830,false
33,G3701210,false
33,G1600210,false
33,G5300510,false
33,G4701710,false
33,G5300730,false
33,G5400550,false
33,G5300470,false
33,G4100270,false
33,G5300170,false
33,G5300650,false
33,G5300770,false
33,G1600870,false
33,G5101850,false
33,G3701150,false
33,G3701890,false
33,G5300370,true
33,G5300190,false
33,G5100210,false
33,G4700190,false
11,G4200310,false
11,G5400170,false
11,G5400510,false
11,G4200330,false
11,G4201290,false
11,G5101950,false
11,G4200850,false
11,G5400070,false
11,G5400150,false
11,G5100270,false
11,G5400610,true
11,G5100510,false
11,G5400630,false
11,G5400570,false
11,G5300310,false
11,G5400190,false
11,G5401030,false
11,G4200190,false
11,G5400450,false
11,G5400050,false
11,G4201250,false
11,G4200630,false
11,G5101670,false
11,G5400910,false
11,G5401090,false
11,G5400890,false
11,G2100950,false
11,G2101330,false
11,G4200470,false
11,G5400490,false
11,G4200050,false
11,G5400470,false
11,G4200590,false
11,G4201210,false
11,G4200530,false
11,G4200390,false
11,G5400330,false
11,G4200650,false
11,G5400410,false
11,G5400010,false
14,G4804890,false
14,G1201110,false
14,G1200850,true
14,G4802150,false
14,G4802470,false
14,G1200990,false
14,G4802610,false
14,G1200430,false
14,G1200860,false
14,G1200110,false
14,G4804270,false
14,G1200150,false
14,G4803550,false
14,G4802730,false
14,G1200210,false
14,G4805050,false
14,G4800470,false
14,G4800610,false
14,G1200510,false
14,G1200870,false
42,G0800270,false
42,G0800070,true
42,G0800130,false
42,G3500550,false
42,G0600510,false
42,G0801130,false
42,G0800330,false
42,G0800670,false
42,G0800690,false
42,G4900430,false
42,G4900090,false
42,G0800230,false
2,G2601210,false
2,G2901650,false
2,G3901410,false
2,G1800330,false
2,G2901950,false
2,G1801050,false
2,G1801610,false
2,G3600830,false
2,G1800030,false
2,G1700490,false
2,G3901730,false
2,G1700190,false
2,G3900170,false
2,G1701170,false
2,G3601150,false
2,G1801030,false
2,G2900070,false
2,G2901630,false
2,G1700210,false
2,G2000450,false
2,G1801490,false
2,G2000590,false
2,G1801330,false
2,G1801570,false
2,G3900730,false
2,G1801270,false
2,G2000910,false
2,G1701670,false
2,G1800290,false
2,G1801450,false
2,G1701710,false
2,G3900630,false
2,G2601450,false
2,G1700450,false
2,G1800210,false
2,G3901370,false
2,G2300090,false
2,G1800690,false
2,G2900530,false
2,G1700530,false
2,G1700310,false
2,G3901130,false
2,G3900490,false
2,G2601630,false
2,G5000130,false
2,G1700510,false
2,G1801310,false
2,G1800150,false
2,G3901290,false
2,G1801090,false
2,G1801690,false
2,G2300270,false
2,G1701050,false
2,G3900510,false
2,G1801070,false
2,G1801710,false
2,G2901270,false
2,G1700410,false
2,G3901250,false
2,G1800970,false
2,G2001210,false
2,G2001030,false
2,G1701390,false
2,G1801810,true
2,G2001970,false
2,G1700750,false
2,G3901190,false
2,G2900950,false
2,G1700230,false
2,G3901610,false
2,G1800010,false
2,G1701370,false
2,G1701290,false
2,G1800550,false
2,G1700350,false
2,G3900710,false
2,G3900310,false
2,G1701130,false
2,G2001390,false
2,G3901150,false
2,G1801190,false
2,G1700330,false
2,G2001490,false
2,G1801650,false
2,G2000870,false
2,G1701790,false
2,G2300290,false
2,G1700170,false
2,G1800490,false
2,G1701970,false
2,G3900690,false
2,G2901010,false
2,G1700130,false
2,G2601470,false
2,G1800170,false
2,G1701730,false
2,G1801370,false
2,G2901590,false
2,G2600170,false
2,G1701350,false
2,G1801210,false
2,G1700990,false
2,G2600990,false
2,G2900890,false
2,G1700610,false
2,G1700290,false
2,G1701250,false
2,G1800570,false
2,G1801670,false
2,G3300130,false
2,G1700790,false
2,G1701150,false
2,G2600910,false
2,G2600570,false
2,G2900370,false
2,G1800730,false
2,G1700910,false
2,G1700430,false
2,G1800310,false
2,G1700630,false
2,G2900470,false
2,G1800050,false
2,G3901650,false
2,G2002090,false
2,G1701470,false
2,G3600910,false
2,G1800790,false
2,G1800470,false
2,G1800070,false
2,G2900130,false
2,G3900150,false
2,G1800890,false
2,G2901370,false
2,G2901730,false
2,G2901070,false
2,G1800450,false
2,G3900390,false
2,G2901750,false
2,G2001770,false
2,G2000850,false
2,G1801790,false
2,G1700930,false
2,G1701070,false
2,G1700830,false
2,G1801530,false
2,G1800810,false
2,G1700390,false
2,G1801110,false
2,G3901710,false
2,G3900950,false
2,G1701490,false
2,G1701830,false
2,G1800630,false
30,G3600570,false
30,G2601530,false
30,G4200790,false
30,G5500750,false
30,G2600970,false
30,G5000010,false
30,G3300190,false
30,G2600410,false
30,G5500780,false
30,G2600310,false
30,G2600510,false
30,G3600930,false
30,G4201030,false
30,G2601350,false
30,G5500370,false
30,G3300030,false
30,G2600330,false
30,G2600730,false
30,G2601610,false
30,G2601290,false
30,G3601130,false
30,G2600010,false
30,G2601410,false
30,G2300190,false
30,G2601250,false
30,G2600690,false
30,G2600290,false
30,G3600010,false
30,G5500830,false
30,G2600110,false
30,G4200810,false
30,G2601090,false
30,G2600350,true
30,G4200270,false
30,G2601430,false
30,G2600430,false
30,G4200090,false
30,G2601190,false
30,G4200350,false
30,G2600470,false
30,G2600070,false
30,G2601110,false
46,G2200950,false
46,G2200450,false
46,G2200770,false
46,G4802450,false
46,G4802850,false
46,G2200710,false
46,G2200530,false
46,G2201130,false
46,G4801770,false
46,G2200050,false
46,G4800390,false
46,G4801490,false
46,G2200890,false
46,G4801670,false
46,G4803610,false
46,G2200190,false
46,G4800150,false
46,G4802910,false
46,G4801870,false
46,G2200010,false
46,G4801230,false
46,G2200990,false
46,G4804730,false
46,G2200070,false
46,G4803210,false
46,G2200750,false
46,G4801570,true
46,G4800710,false
46,G2200870,false
46,G4802390,false
46,G2200470,false
46,G4804690,false
46,G2201010,false
46,G2200510,false
46,G4801750,false
46,G2201090,false
46,G2200570,false
46,G2200230,false
46,G2201210,false
46,G4800890,false
46,G4802010,false
46,G2200550,false
46,G2200970,false
46,G4804810,false
46,G2200930,false
46,G4800550,false
46,G4800570,false
0,G4900190,false
0,G4900230,false
0,G3000590,false
0,G4900350,false
0,G3200050,false
0,G4900470,false
0,G3000950,false
0,G0800770,false
0,G4900570,false
0,G4900490,false
0,G4900010,true
0,G3000430,false
0,G3200210,false
0,G5600170,false
0,G4900210,false
0,G4900370,false
0,G0601090,false
0,G3200150,false
0,G3200330,false
0,G5600190,false
0,G3000090,false
0,G5600090,false
0,G5600430,false
0,G4900170,false
0,G4900150,false
0,G0800810,false
0,G5600210,false
0,G3205100,false
0,G3200190,false
0,G5600250,false
0,G3200110,false
0,G4900250,false
0,G4900270,false
0,G4900550,false
0,G3500450,false
0,G5600030,false
0,G3000970,false
0,G0800830,false
18,G5101190,false
18,G2801350,false
18,G5107600,false
18,G3700790,false
18,G3701850,false
18,G5107400,false
18,G0500770,false
18,G3700910,false
18,G5100750,false
18,G2800710,false
18,G5100410,false
18,G2800270,false
18,G5101750,false
18,G3700730,false
18,G0500370,false
18,G2801070,false
18,G3700290,false
18,G0501170,false
18,G2800570,false
18,G0500450,false
18,G5108100,false
18,G5100870,false
18,G5100360,false
18,G0500010,false
18,G2800170,false
18,G5101010,false
18,G0500350,false
18,G5101330,false
18,G5100730,false
18,G5105500,false
18,G0501230,false
18,G3701390,false
18,G5107100,false
18,G3700690,false
18,G3701430,false
18,G5100330,false
18,G5101590,false
18,G3700830,false
18,G5101270,false
18,G5101150,false
18,G5100970,false
18,G2801610,false
18,G3701170,false
18,G5101170,false
18,G5100810,false
18,G2800330,false
18,G2800810,false
18,G3701310,false
18,G5100530,false
18,G2801190,false
18,G2801150,false
18,G5101810,false
18,G0500950,false
18,G0501070,false
18,G5100950,false
18,G5101490,false
18,G5107000,false
18,G0500850,false
18,G5108000,false
18,G5101310,false
18,G5100070,false
18,G5101990,false
18,G3700530,false
18,G3701950,false
18,G3701270,false
18,G5100850,false
18,G5101930,false
18,G5107300,false
18,G0501450,false
18,G2801370,false
18,G0500670,false
18,G3700150,false
18,G5100930,false
18,G5100570,false
18,G0501470,false
18,G3701810,false
18,G2801430,false
18,G3700410,false
18,G5100250,false
18,G5101450,false
18,G3701470,false
18,G0501190,false
18,G5101030,false
18,G3700650,true
18,G4701570,false
18,G5101830,false
18,G3701870,false
18,G3700550,false
36,G5300270,false
36,G4100090,false
36,G4100410,false
36,G4100710,false
36,G5300550,false
36,G4100510,false
36,G4100030,false
36,G0201980,false
36,G4100530,false
36,G4100110,false
36,G5300670,false
36,G4100570,false
36,G5300690,false
36,G4100670,true
36,G5300490,false
36,G5300110,false
36,G5300350,false
36,G5300290,false
36,G5300450,false
36,G4100070,false
