gis_join,time_ms,iterations,rmse,num_records
G4601370,8862,11,6.728969,12960
G3900070,17390,10,5.867669,4680
G2100870,11995,10,6.648510,2160
G1701450,11571,11,6.632206,2160
G5500950,8641,11,8.277594,5760
G2701290,10501,11,8.437376,6840
G4701890,8358,11,6.692813,3600
G2900690,4494,11,6.648682,3960
G0100590,15597,11,6.909533,4680
G1900950,19015,11,7.867173,3960
G2001130,11910,11,7.093151,6840
G2900910,15584,11,7.444203,5400
G1300190,6170,10,6.310382,3240
G1301030,13572,11,7.002724,3240
G1302090,10741,11,6.566341,1080
G1700990,10335,11,5.905229,7200
G1701430,7201,11,6.069100,3960
G1200110,10800,11,6.132251,7920
G0800630,7477,11,5.405680,14760
G4701410,2580,10,6.504347,2160
G2101170,2066,11,6.438895,1080
G2100230,2721,11,6.561880,1440
G5400830,3522,11,6.286444,6840
G5101310,2929,11,3.081518,720
G5100970,2471,10,7.554169,2160
G5400210,3211,11,6.739907,2520
G0100430,3040,11,6.821878,5040
G1300970,6364,10,7.012643,1440
G5600130,13191,11,7.104603,64440
G4200470,4742,11,5.424792,6480
G2900830,3164,11,6.960652,5760
G2900290,3052,11,7.705247,5040
G3300150,3300,11,4.967598,4320
G0600050,3914,11,4.572491,3960
G3100310,8782,11,5.607224,41760
G3100570,3448,11,5.330395,7200
G4801930,3654,11,6.268440,5760
G4802110,3794,11,5.578533,5760
G0500690,4264,11,6.616365,6480
G0500170,3572,11,6.134357,5040
G2701070,3882,11,8.793612,7560
G3800670,4212,11,8.201475,9720
G3400010,2681,11,5.281936,3600
G2701490,3109,11,8.383651,5760
G2200050,2815,11,6.602168,1800
G3200270,8893,11,3.375131,41040
G4803010,2944,11,6.553705,4320
G2700550,3039,11,6.904576,3240
G5501110,3326,11,6.262067,5760
G3701650,2887,11,6.759945,1440
G4500150,3763,11,7.134516,7920
G0100650,2985,11,7.047205,4320
G1801670,2646,11,5.860326,2520
G1801390,2654,10,5.913291,2880
G4802710,3629,11,6.999497,8280
G3800010,2219,11,6.391417,5760
G3600690,3085,11,4.999052,4320
G1700650,3027,11,6.519985,3240
G4701470,3024,11,6.506752,3240
G2701230,2604,11,7.716634,1440
G2701590,2891,11,8.176639,3960
G2902010,2582,10,6.830271,2880
G0501110,3247,11,6.484741,4320
G4000490,3046,11,6.408406,4680
G3101330,2942,11,7.433007,4320
G0500090,2893,11,7.134247,3240
G4700930,3041,11,6.388758,3600
G1300030,2554,11,6.702787,1800
G1300990,2579,10,5.929334,2880
G1302390,2147,11,7.599785,1080
G1900310,2598,11,6.373188,3240
G1701550,1987,11,6.281132,1080
G4804270,3612,11,6.479549,7200
G0800110,3941,11,5.021193,10440
G2102030,2185,10,6.750435,2160
G2102110,2493,11,6.597919,2880
G2100210,1707,10,6.323385,1080
G0201100,4597,10,3.377128,14400
G5100990,1946,10,7.732302,1080
G2800950,3428,10,6.629339,5400
G5400910,1801,11,6.297352,720
G0101210,3246,10,6.751105,5400
G0100570,2628,11,6.686061,4320
G0800290,3589,11,6.520154,8280
G4200390,3277,11,5.593424,6840
G2000370,2647,11,6.933972,4320
G2001510,2629,11,6.077854,4320
G4201190,2170,11,6.137833,2160
G4100050,4351,11,3.821210,13320
G3001030,3142,11,6.673785,7200
G2001710,2569,11,5.892242,4320
G4800830,3345,11,6.517496,8280
G1303110,1785,11,6.710989,1080
G0500790,2381,11,6.751559,3240
G4801210,3091,11,6.233961,6480
G3801030,3706,11,6.315429,10080
G3800470,3435,11,7.233490,8280
G2500250,1520,11,5.071291,360
G4600670,2953,11,8.115756,5400
G4801670,2276,11,5.078494,2520
G4100370,11877,11,2.913806,57960
G4804650,5537,11,6.966992,20880
G1901130,2830,11,6.620740,5760
G1900430,2837,11,7.021478,4680
G2801210,2757,11,7.472530,5040
G0101190,2818,10,7.687491,6120
G1302590,2387,10,7.175497,3960
G1800570,2154,11,5.516389,2160
G1800870,2299,11,5.091523,2520
G4803250,3398,11,6.797686,7920
G4600410,3014,11,7.285683,18360
G2600850,2935,11,4.622448,4320
G2101070,2761,10,6.582846,3960
G1700770,2640,10,6.826913,4320
G2700950,2902,11,8.126260,5040
G2701530,2757,11,8.516732,5400
G4700750,2804,11,6.921335,3600
G2901430,2811,11,6.608890,4320
G0501370,2915,10,7.080514,5040
G1901550,3172,11,7.909344,6120
G4001030,2956,11,6.149936,4680
G4700010,2350,11,6.715844,2520
G1301770,2070,10,6.387965,1800
G2801110,2647,11,7.950077,3600
G4804550,2620,11,7.365712,4320
G1702030,2640,11,6.220954,3960
G1700130,2096,10,6.840079,2160
G4800070,1910,11,5.883390,1080
G4803690,2959,11,5.639301,5760
G2101990,2619,11,6.483880,4320
G3901450,2519,11,6.853182,3240
G5400790,2206,11,6.506658,2160
G0201300,8800,11,3.073329,41760
G3701830,2907,11,7.189597,5040
G2800090,2157,9,6.973285,2520
G5400610,2068,11,6.271639,2520
G3700710,2337,11,7.160926,2880
G0101270,2911,11,7.136091,6120
G0600030,2725,11,5.307378,5040
G3300090,4241,11,5.745150,11880
G2900590,2708,11,7.316880,4320
G2000090,2998,11,6.096954,5760
G2500270,3870,11,5.501195,11520
G4100330,3841,11,4.987981,11160
G3001010,4587,11,6.019621,14760
G3101350,3253,11,5.989400,6480
G4803530,2831,11,6.311440,5760
G4001490,3001,11,6.212862,6480
G4803870,3097,11,6.352001,6840
G4800990,2838,10,6.388496,6480
G3800750,3025,11,7.355837,6480
G3800610,4543,11,7.099031,14760
G0900010,2617,11,5.276279,4320
G4600610,2491,11,8.587943,3240
G2200190,3000,11,5.952696,7200
G3000470,4345,11,4.551034,13680
G4803830,3145,11,6.790277,7920
G5500270,2706,11,5.544085,5760
G5500870,2852,11,5.500969,4320
G1300090,1895,11,7.107132,1800
G4500090,2247,11,6.624296,2880
G4802030,2856,10,6.667675,5760
G3901590,2263,11,5.453920,2880
G3901290,2349,11,5.850378,3600
G1201070,2577,11,7.404327,4680
G3000410,1855,11,7.002278,21960
G2600190,2483,11,3.714412,2520
G2102130,1888,11,6.571671,1080
G2101630,2363,11,6.297182,2520
G2701210,2958,11,8.476676,5400
G5501130,3826,11,8.025229,9000
G2900350,2375,11,7.740526,2880
G4700970,2714,11,6.378688,3960
G4000210,2798,11,6.515877,4320
G3101090,2931,11,7.435445,5400
G4701750,1901,11,6.605527,1080
G4001510,3548,11,6.140374,9000
G1301850,2586,11,6.942333,3600
G1300870,2453,11,6.362295,3600
G4803310,2992,10,6.994673,6480
G2901990,2331,11,6.951043,3240
G1701090,3257,11,6.243676,5760
G4802490,2604,11,6.119156,4320
G4803750,2850,11,6.169947,6120
G5101690,2168,11,6.335359,2880
G2100670,2146,11,6.506121,2160
G2102230,1977,11,6.303935,1080
G5400930,2139,11,6.127203,2880
G5101490,1978,11,6.904558,1800
G5108000,2527,11,6.976879,2880
G3900130,2302,11,6.631258,3960
G1301510,2105,11,6.553215,2520
G4500230,2225,11,7.241721,2880
G0800070,3378,11,6.417622,9000
G5000190,2830,11,5.557316,5040
G2900190,2580,9,6.982780,4680
G3700390,2001,11,6.336391,2520
G4201330,3060,11,6.280244,6480
G1600270,2578,11,3.324985,4680
G4601030,5031,11,6.854718,18000
G2002030,2684,11,5.773548,4320
G4804410,2837,11,6.228286,5760
G1300850,1620,11,6.613004,1080
G2200410,2422,11,6.227991,3960
G4804250,1867,11,6.635638,1440
G3800230,3567,11,7.701919,9000
G2701670,2539,11,8.451383,5040
G4400010,1474,11,4.969886,360
G4600110,3111,11,8.951704,7200
G4804690,2668,11,6.178198,5040
G3200130,12338,11,3.282185,65880
G4801690,2792,11,6.057964,5400
G5500630,2313,11,7.039801,2880
G5500250,3299,11,5.873960,8640
G3701370,1933,10,6.822666,2520
G2801290,2504,11,7.521143,3600
G2800770,2128,10,7.951793,2880
G1700230,2365,11,6.009597,3240
G3900890,2522,11,5.916975,4680
G1200750,2905,11,6.545924,6840
G3100710,1747,11,5.983846,3240
G3900350,2486,11,5.428256,3240
G2100470,2717,10,6.588609,4320
G1701190,2828,11,6.467194,4680
G2700590,2898,11,7.669475,3960
G1901310,2519,11,6.986152,3240
G2900230,2776,11,6.891633,4320
G4701490,2588,11,6.774879,3960
G5105900,1550,11,7.724295,360
G1901710,2653,11,7.944175,4320
G1301230,2327,11,6.674685,2520
G4700510,2342,11,6.477150,3240
G1300010,2223,11,6.548220,3240
G4800910,2562,11,6.531177,4320
G1302870,2041,10,6.523244,2520
G1700150,2670,11,6.288577,4680
G1701750,1916,11,6.334495,1800
G4800470,3223,11,6.368634,7200
G2001870,2385,11,6.220006,4320
G4700090,2414,11,6.705890,3960
G5400430,2028,10,6.098349,2160
G2102010,1628,10,7.374788,720
G0202750,5465,11,3.124267,23040
G5101270,1976,11,7.406197,1440
G5100870,1970,11,7.089030,2160
G3900670,1977,11,6.575538,2520
G1301150,2167,9,7.802786,2880
G0501490,2798,10,6.975640,5760
G0800850,4219,11,6.299366,13680
G2300070,4333,11,5.452931,12960
G2000290,2460,11,7.253745,4320
G2001350,3269,11,5.874325,7920
G3600270,2737,11,5.911461,5400
G0600090,2932,11,4.661173,6480
G3000750,5757,11,6.900498,24120
G2001090,2912,11,5.739178,6480
G4802990,2881,11,6.472405,6120
G3701110,2089,11,6.823798,2520
G4803790,1744,11,5.997423,1440
G2801510,2660,11,5.870396,5040
G4601070,2632,11,7.413701,5400
G3801010,4531,11,6.484143,15840
G4400030,1617,11,5.002112,1080
G4600230,3437,11,8.096033,8280
G2200010,2424,11,6.153985,3960
G1600510,3218,11,4.733934,8280
G4804150,2774,11,6.340592,5760
G5501150,2944,11,5.476007,6840
G5500290,2642,11,4.663371,4320
G1303170,2155,11,7.228692,3240
G1303030,2577,11,6.871851,4680
G0500570,2633,11,6.739070,5400
G2600670,2255,11,4.902720,3600
G1801770,2177,10,5.914780,3240
G1300490,2401,11,7.815639,4320
G4600630,1826,11,6.733299,19440
G3600190,3590,11,5.430210,8640
G1701910,2845,11,6.401314,4320
G2100610,2036,11,7.598636,1800
G5500070,4028,11,7.609592,11880
G2700430,2773,11,7.846789,4320
G4700690,2710,10,7.051368,4320
G4701310,2364,11,6.967153,2520
G0500330,2139,11,6.399429,2520
G3100670,2955,11,7.479181,5400
G4700310,2356,11,6.430547,3240
G5101710,2588,11,7.138911,3960
G1300070,2016,9,6.193280,2160
G4804050,2544,10,7.436317,3600
G4801850,2499,11,6.809016,4320
G2901170,2155,11,7.458536,3240
G1700090,1927,10,6.449990,1800
G1200570,3010,11,5.742568,6120
G4804210,3161,11,6.049617,6480
G4701330,2229,11,6.381309,2880
G2100110,1852,10,6.948610,1800
G5400130,1843,11,6.980824,1800
G5300310,4255,11,4.060461,13680
G5101150,1637,11,7.187940,720
G2800810,2241,11,7.177254,2880
G3900810,2069,11,6.472642,2880
G0501250,2458,11,7.066644,3960
G4804970,2985,11,6.541406,6480
G5600230,6334,11,6.236767,27720
G3600250,3582,11,5.626478,10440
G2901250,2257,11,7.412026,2880
G5101610,1841,11,6.786490,1800
G2300150,2096,11,5.506899,3240
G0600610,3744,11,4.736420,10440
G4600930,5865,11,6.464106,25920
G2000690,2646,11,5.892509,5400
G4801550,2802,11,5.881978,5400
G2001190,2789,11,5.969026,5760
G2201230,2052,11,6.424008,2520
G2800250,1908,10,6.586004,2160
G2700890,4331,11,8.820593,14400
G3800710,3322,11,7.996407,8640
G2400110,1928,11,5.857747,2160
G1901490,2627,11,8.311601,5760
G2201010,2636,11,5.101905,5040
G1600030,3639,11,3.073303,9720
G4800810,2513,11,6.633668,4680
G1700070,1798,11,5.622058,1440
G1701770,2336,11,5.757351,4320
G0100810,2475,11,6.934863,3960
G2801050,2016,11,7.191862,2880
G4500850,2435,11,6.639989,4320
G1801790,1832,11,5.431532,2160
G2600930,2340,11,4.771057,4680
G4800290,2880,11,6.390276,6480
G3000050,2985,11,7.424544,32760
G3901330,2551,11,5.577936,3600
G1700250,2589,11,6.188313,3240
G2101410,2537,11,6.279714,3600
G1901970,2685,11,7.752642,4320
G2700230,2727,11,8.726061,4680
G2900170,2615,11,7.165295,4320
G2100750,1942,11,7.191992,1800
G0501410,2574,10,6.768614,4680
G1901850,2506,11,7.940349,4320
G2900090,2722,10,7.148567,5400
G5101870,1869,11,7.073982,1800
G1302290,2021,9,6.588937,2520
G4800010,2875,11,6.455304,6480
G1300690,2466,10,6.553312,4320
G2901010,2951,11,7.091174,5400
G2901950,2812,11,7.076141,5040
G1200170,2368,11,6.168994,3600
G4803590,3906,11,5.680328,10080
G2100510,2179,11,6.371410,2880
G2100970,1996,11,7.159450,2160
G2101030,2148,11,6.723559,2520
G5400810,2332,11,6.337956,3600
G3701910,2335,11,6.665261,3960
G2800570,2457,11,6.748272,4320
G5400290,1521,11,6.644027,720
G1301170,1853,11,6.709047,1800
G4800090,2651,11,6.323639,5760
G4900070,3473,11,6.322226,9720
G4200830,2665,11,5.409564,5760
G2902250,2439,11,7.251228,4320
G2000330,2510,11,6.234358,5040
G4201090,2102,11,6.285438,2520
G4100390,6765,11,4.626208,31680
G4600190,4541,11,6.327799,15840
G2000230,3179,11,5.609077,6120
G4802590,2401,10,6.744408,4320
G1301370,2049,11,6.674361,2160
G4801390,2953,11,6.156428,6120
G4800350,3077,11,6.362252,6840
G2700690,3535,11,8.716647,9360
G2700770,4355,11,8.541751,14400
G4200910,2498,11,6.180414,3960
G4601190,3294,11,7.453405,9000
G4801570,2805,11,5.991044,5400
G0600630,5016,11,4.333642,17640
G4804610,3064,11,6.988478,7200
G5501210,2838,11,7.096678,5400
G2200310,3006,10,7.245969,6840
G2800210,2325,11,7.205354,2880
G1302370,2144,11,7.175459,2520
G1300330,2800,11,6.635129,5760
G2601390,2407,11,4.062947,3960
G1801210,2146,10,6.356181,3240
G1200310,2635,10,7.064498,5400
G3800530,2886,11,7.437690,21600
G2601230,3263,11,4.491512,6120
G2001250,2806,11,6.980144,4320
G1700690,1833,9,6.366227,1080
G1901950,2722,11,6.958374,4320
G2701150,3788,11,8.704316,9720
G5101090,2412,11,7.330530,2880
G0100770,2815,10,6.931592,4680
G4000290,2491,11,6.609323,3960
G2901290,2413,11,8.105472,3240
G4000470,3188,11,6.275327,6840
G0500150,2582,11,7.132677,3960
G2800370,2773,11,7.558182,4320
G1300270,2456,10,6.586068,3600
G1301910,2411,11,6.779945,3240
G1901110,2324,11,6.456161,3240
G2900250,2205,11,7.628180,2160
G1200550,2883,11,6.239665,5760
G0800750,4045,10,5.555825,12600
G4700490,2273,11,6.701381,3240
G2102050,1972,11,7.409060,1800
G2100370,1540,11,7.385673,720
G2400230,2364,11,6.006551,3600
G2801150,2172,10,6.893410,3240
G2800330,2069,10,6.457326,2880
G4200330,3193,11,5.765957,7560
G1300450,2146,11,6.836420,2880
G3701790,2357,11,7.576838,3240
G3500390,8179,11,6.329653,37800
G3600090,3397,11,5.154780,9360
G2900110,2523,11,7.227742,4320
G2000390,2923,11,5.768201,5760
G2400210,2571,11,6.558543,4680
G0600150,2990,11,4.361910,6840
G3000270,6686,11,6.685675,31680
G2001530,2919,11,5.641153,6840
G4803070,2674,10,6.610028,5760
G1302410,2028,11,6.485596,2520
G4802230,2535,10,5.849932,5040
G4802170,2767,11,6.318169,5760
G3800590,4425,11,6.693637,15480
G3800430,3605,11,7.240091,9720
G3601190,2379,10,5.398023,3240
G3100510,2057,11,7.826876,2880
G2200450,2411,11,5.220177,3960
G1600490,11726,11,4.189885,62280
G4801150,2756,11,6.032412,5760
G5500350,2481,11,7.376705,4320
G1302930,2036,11,7.384215,2520
G2801010,2316,10,7.649168,3240
G4500030,3105,11,6.563857,6840
G3901750,1937,11,5.542050,2520
G1800730,2507,11,5.282203,4320
G1800090,1692,11,5.852120,1440
G1301010,2301,11,7.394146,3240
G3101030,2572,11,6.680504,4680
G3601170,3162,11,4.482568,5040
G2100310,2295,11,6.764860,2880
G1701210,2589,11,6.195885,3240
G1900690,2547,11,7.494361,3240
G2701690,2995,11,7.443066,5040
G4701090,2465,10,6.868190,3240
G4000370,3104,11,6.146455,5760
G4000610,2441,10,6.357196,3600
G1900850,2965,11,7.842943,5760
G0501010,2929,11,6.903309,5400
G2902090,2524,11,6.999476,3600
G0100970,3078,10,7.164825,7200
G1300050,1781,9,6.520500,1800
G1301750,2802,11,6.463433,5040
G1701970,2665,10,5.316184,5400
G1701870,2578,11,6.202387,4320
G4803910,2699,11,5.681685,4680
G3500370,4482,11,5.302231,16920
G2100710,2280,10,6.371987,3240
G3900010,2420,11,6.948560,4320
G2101130,1863,11,6.707206,1440
G5400770,2599,11,6.383003,4680
G3700330,1891,10,7.434855,1800
G5100530,2482,11,7.239717,3960
G4200070,2093,11,6.291977,2880
G0501090,2226,11,7.070886,3240
G1300110,1778,11,6.549647,1440
G4900510,3050,11,6.665006,7560
G4200650,2355,11,6.047168,4320
G2001270,2749,10,7.210853,5400
G3101450,2530,11,5.833498,4320
G2300130,2257,11,4.752831,3240
G5300750,4553,11,3.681433,15480
G3000690,4002,11,6.834656,11880
G3101010,3058,11,5.716293,7560
G4804290,2844,11,6.298365,5760
G4000450,3405,11,6.028997,8640
G2800270,2394,11,6.029944,3600
G4802310,2627,11,5.888288,5400
G2700870,2354,11,8.672222,4320
G2400250,2181,11,6.381349,2880
G3400250,2262,11,5.732477,3600
G2701730,2373,11,8.703963,3600
G2200770,2208,10,6.223735,3960
G4100230,6755,11,3.354910,31320
G0600710,46343,11,5.834459,130320
G5500330,2691,11,7.553990,5400
G2200130,2553,10,6.819979,5400
G1303190,2022,11,7.456405,2880
G1301330,2024,10,7.039369,2880
G1800470,2054,11,6.085361,2160
G1800110,2190,11,5.831500,3240
G1801270,2257,11,5.313932,3240
G4804930,2510,9,6.385756,5040
G3800410,2264,11,6.292417,8640
G2600270,2777,11,4.785883,3960
G1700810,2769,11,6.465837,3960
G2000990,2668,11,7.174390,4320
G2700190,2233,11,8.186391,2160
G5501290,3386,11,8.283339,6480
G4000350,2771,11,7.034195,5400
G4000190,3004,11,6.508749,5760
G1301290,2117,10,7.236124,2520
G1901210,2659,11,7.831136,4680
G4700410,1955,10,7.477658,1800
G5100090,2289,11,7.436849,3240
G4803130,2064,10,6.643606,2520
G1300950,1999,9,6.932113,2520
G2200090,2700,11,6.381618,5400
G1700570,2824,11,6.122345,6120
G2901650,2522,11,7.374580,3600
G4802150,3738,11,6.296195,9360
G4802050,3578,11,5.567532,9720
G2102350,2332,11,6.569515,3240
G2100050,1774,11,6.901313,1080
G1700510,2687,10,5.731595,5040
G4201110,2953,11,5.933351,7200
G0500370,2359,11,6.549371,4320
G3701770,1795,11,7.588286,1440
G4200050,2553,11,6.387001,4320
G3700250,2051,10,7.047650,2880
G3701230,2177,11,8.183856,2880
G1600370,7339,11,5.395575,35280
G5000230,2721,11,6.020902,5400
G2001150,2751,11,7.462145,5760
G2000570,3261,11,6.298250,7200
G4200750,1980,11,6.426128,2160
G1600690,2879,11,3.928020,5760
G3000330,7349,10,7.047540,35640
G3100490,2057,11,5.653658,2880
G4802070,2778,11,6.175043,5400
G3700230,2560,10,6.758846,3240
G2800890,2717,11,6.984946,5400
G4000230,2875,11,6.315943,5760
G3800550,4697,11,6.498044,16920
G4200450,1742,11,6.174762,1440
G2500050,2596,10,4.611332,4680
G3100890,4991,11,6.826752,18720
G2200970,2829,10,6.162635,6120
G1600730,10012,11,3.605891,52920
G4803170,2846,11,6.318182,5760
G5501030,2679,11,6.622916,5760
G0101130,2345,10,7.352638,4320
G0500130,2243,11,7.598315,3240
G1301890,1700,11,6.784529,1080
G3900310,2500,11,6.573082,4320
G1800490,1813,11,5.057099,1800
G1800970,2127,11,5.762900,3240
G1200790,2323,10,7.749656,3960
G3800330,1347,11,7.439706,7920
G3901690,2928,11,5.592697,4320
G1700470,2116,11,6.375044,2160
G1701570,2480,11,6.680004,3600
G1900330,2388,11,7.026246,3600
G2700670,3428,11,8.350375,7200
G4701130,2559,10,6.986873,3600
G3701970,2178,11,6.543749,2160
G0500710,2353,10,6.823350,3960
G2001310,2469,11,7.283775,4320
G2901190,2642,11,7.071372,4320
G0500070,2480,11,6.738412,4320
G4500530,2646,11,6.955531,4680
G1302350,1781,10,6.399982,1440
G0100450,2240,11,6.969175,3600
G2901590,2729,11,6.960825,4320
G1700730,2554,11,6.613373,5400
G4804090,2634,11,5.964017,4680
G2000750,3321,11,6.016475,7200
G4700890,2011,11,6.780858,2160
G2102150,1797,11,6.512908,1800
G2101510,1974,10,6.987716,2160
G5400970,1965,11,6.373751,2520
G5100850,2212,11,7.395233,2880
G5101590,1593,10,7.890941,1080
G5400070,2096,11,6.399207,2880
G3701090,1796,10,6.606293,2160
G1300630,1573,11,5.656257,720
G3000670,5285,11,6.430133,20520
G3600490,3310,11,5.349912,9000
G2001070,2454,10,7.173410,4320
G2000530,2531,11,6.617204,5040
G2500170,2751,11,5.229221,5400
G1600570,3333,11,4.334295,8280
G3101710,2999,11,5.461448,6120
G3100290,2541,11,5.675125,5400
G4801430,3050,11,6.466027,7200
G4000590,2788,11,6.062943,6480
G4804590,2521,11,6.504925,3240
G4802770,3262,11,6.155605,7920
G2701250,2080,11,8.313865,2880
G5100010,2186,10,4.261373,3600
G2400270,1760,11,6.303977,1800
G4600850,3812,11,7.888129,11160
G2200870,2470,10,5.386616,4320
G1600530,2433,11,4.228485,3960
G4801730,2675,10,6.772902,5760
G5500190,3193,11,6.853330,8280
G2200610,2156,10,7.103666,3600
G0500990,2304,11,7.038462,3240
G4500250,2728,11,6.715828,5400
G2600750,2436,11,4.865486,4320
G3900370,1942,11,5.684753,2880
G2600650,2541,11,4.820401,4320
G1201290,2414,11,7.043559,3600
G3000830,2310,11,7.847823,16200
G2600830,2692,11,3.560620,4320
G1701010,2257,10,6.065789,2880
G4701650,2661,11,6.607388,4320
G1900910,2424,11,7.489170,3240
G2701090,2662,11,8.020007,4320
G4700790,2559,11,6.863429,5040
G4000010,2669,11,6.566934,4680
G4001210,3282,10,6.369889,8280
G1900270,2567,11,7.922098,4320
G2901530,2659,11,7.428898,4680
G2000770,2896,11,6.301835,5760
G4500290,2917,11,6.911755,6840
G1302770,2015,10,6.012694,1440
G1300510,2359,11,6.380711,3240
G2901110,2563,11,6.654423,3240
G1901030,2683,11,6.926470,3960
G1200850,2553,11,6.245731,3960
G0800170,4062,11,5.507303,11880
G4700590,2726,11,6.635360,4320
G3901670,2560,11,6.646850,3960
G1801750,2550,11,6.585453,3960
G5400670,2876,11,6.143587,4320
G5101930,1878,11,7.429864,1440
G5100570,2039,11,7.386138,2520
G4200850,2955,11,6.060901,5760
G0100730,3035,10,6.911471,6840
G0100550,2211,10,6.619733,3240
G3500130,5695,11,6.089673,23760
G2600530,3434,11,6.069971,9000
G2901350,2254,10,7.176145,2880
G3700430,1951,11,7.248983,1080
G4200550,2771,11,6.105327,5040
G4100210,3710,11,3.634817,8640
G4600470,3944,11,5.781024,11520
G0800950,2415,11,5.600951,4320
G4800590,2902,11,6.494813,5760
G4000390,3166,11,6.384845,6480
G2200670,2420,11,6.779359,3960
G0500410,3044,11,6.298294,6120
G3800630,3396,11,8.612418,8280
G3400210,1690,11,6.305597,1080
G1000010,2460,11,5.941260,3960
G3101790,2418,11,7.540477,3960
G4802910,3082,11,6.826273,7560
G0600930,8282,11,4.341869,43560
G0400270,7130,11,6.105590,35280
G5501410,3196,11,6.321594,7920
G3700930,2194,11,6.878444,2520
G2801550,2200,11,6.982995,2880
G2800490,2646,11,6.909500,5760
G3900970,2059,11,5.848769,2880
G1800030,2615,11,5.341642,5400
G1800390,2222,11,5.011499,2880
G1200730,2377,11,7.138521,4680
G3800250,2511,11,6.494593,15480
G2300030,10214,11,5.989856,50760
G2100850,2303,11,6.906185,2880
G2900710,2741,11,7.324846,4680
G2700470,2714,11,7.716498,5400
G4001430,2750,11,6.510173,5040
G5106300,1837,11,7.531326,360
G4001330,2616,11,6.173796,3960
G4001250,2555,11,6.086015,5040
G1900730,2139,11,8.101274,3240
G2000790,2426,11,6.938883,2880
G5105300,1621,9,7.262317,360
G2800730,2205,11,7.732652,2880
G2800410,2585,10,8.203828,4680
G2201170,2452,11,7.917142,3960
G2901030,2261,11,6.559357,3240
G1701490,2779,11,6.610620,5040
G4801310,3999,11,6.353534,11880
G2000710,2657,11,6.201444,5760
G2101090,2216,11,6.567255,2880
G5400350,2123,11,6.365264,2520
G1800290,1997,11,6.441692,1800
G5401010,2387,11,6.379840,3960
G3701270,2164,11,6.895968,3240
G5101030,1681,11,6.469462,1440
G3900190,2142,11,6.370578,2880
G0500510,2459,10,7.077650,4320
G0101110,2348,10,7.368422,3600
G3500050,7891,11,5.650800,39960
G4201050,2941,11,5.405300,7560
G2900730,2202,11,7.134779,2880
G2001950,3170,11,5.946308,6480
G3600210,2704,11,5.785869,4680
G5300390,4230,11,4.000395,14400
G3100910,2415,11,5.483764,4320
G3701750,2013,11,6.693098,2160
G0600730,6500,11,5.734113,28080
G4804830,2888,11,5.315187,5760
G2801350,2506,11,6.530850,3960
G4802130,2629,11,6.004818,5760
G2701350,3921,11,8.838166,12960
G5100590,2114,11,7.133655,2520
G3400350,2028,11,6.328077,2520
G1901670,2713,11,8.929204,4680
G2200930,1519,10,6.118852,1440
G4100170,5095,11,3.062807,21600
G4803890,4834,11,6.867542,16560
G5501370,2770,11,5.780746,5040
G0101230,2804,11,7.180024,5400
G3700610,2695,11,7.190371,5040
G2800290,2532,10,7.457974,5400
G3900710,2580,11,6.319754,3960
G3900170,2139,11,6.406543,2520
G2600870,2511,11,4.646114,4320
G1200290,2571,11,6.228423,5040
G3000710,2296,11,7.877167,38520
G3901530,2312,11,5.723577,2520
G2000210,2621,11,7.393492,4320
G2100990,2255,11,7.123241,2160
G1900890,2316,10,6.882058,3240
G2800030,2054,9,6.644605,2880
G1701530,1844,11,7.335882,1080
G4701030,2539,11,6.613236,4320
G3700670,2013,11,6.702115,2520
G3101470,2296,11,7.452502,3960
G4701150,2446,11,6.320616,3600
G4600810,2787,11,6.517767,5760
G1302750,2166,9,6.709890,3240
G2201030,2802,11,6.941293,6120
G2801570,2440,11,7.513387,4320
G2900010,2559,11,7.232775,4320
G1701790,2445,11,5.852656,4320
G1200430,2917,11,6.047643,6120
G0800990,3576,11,5.657747,10080
G4701790,1872,11,6.789844,2160
G2101150,1547,10,6.227983,1440
G2101370,1973,11,6.972867,2520
G5400190,2666,11,6.349552,5040
G0500290,2345,10,6.800678,4320
G0500770,2040,11,6.413670,2880
G5400690,1437,11,7.052207,720
G4803370,2678,10,6.638606,6120
G0500610,2240,11,7.192515,3240
G0400030,7866,11,6.286219,39960
G5000050,2645,11,5.744257,5040
G2001050,2869,11,6.688265,5400
G3700890,2275,11,6.612444,2880
G2400130,2208,11,6.755714,2520
G0601030,4906,11,5.124265,20160
G4600070,3120,11,5.841597,8640
G2000670,2413,11,6.290537,3240
G4800930,2685,10,6.287622,5400
G4803450,2598,11,5.955770,5760
G4804670,2486,11,5.838403,4680
G5300470,8156,11,3.774296,39240
G2701110,4876,11,8.326608,16920
G0900110,2780,10,5.142826,5400
G2400190,2403,11,5.692161,3960
G4600730,2473,11,8.411414,4320
G4804770,2430,11,6.399206,4320
G1600470,2911,11,3.834964,5760
G0400210,7383,11,6.020973,34560
G5500710,2334,11,4.788084,4680
G4500810,2050,10,7.330506,2880
G0500530,2480,11,7.304836,3960
G0100210,2183,11,7.077339,3960
G1801350,2175,11,5.471922,3240
G2600230,2169,11,4.726488,3240
G2601470,2689,11,4.603895,5040
G1300390,2485,10,7.361889,4320
G3000850,1425,11,7.862424,19080
G3900850,1833,11,4.550472,1080
G2100090,2651,11,6.637911,3600
G1700590,1955,10,6.478156,2160
G1901910,2990,11,7.164374,5760
G2101570,2067,11,6.979115,1800
G0500550,2684,11,6.860791,4320
G4000830,2586,11,6.043325,4680
G1300830,1561,10,6.811517,1080
G1900790,2783,11,7.994093,4680
G5400270,2713,11,6.606929,5040
G3101570,2792,11,5.471934,5040
G1303210,2500,9,6.184505,3600
G2800390,2498,10,7.810519,4320
G4803950,2728,10,6.547484,5760
G1700310,3184,11,5.330140,7200
G2900610,2480,11,7.427629,3240
G1201150,2388,11,5.019786,3960
G0800890,3449,11,5.512239,9000
G2101250,1919,11,6.627415,2160
G2101270,2160,11,6.940914,2880
G1801430,1790,11,6.859626,1080
G0201050,7806,11,3.008091,39600
G2801170,1828,10,7.222147,2160
G3701010,2611,10,6.856017,5400
G4201150,2933,11,5.804789,5760
G0100930,2460,11,6.939211,3960
G4803670,2961,11,6.080619,5760
G0400110,3843,11,5.171059,11520
G3600530,2624,11,5.456061,4320
G2900570,2275,11,7.167372,2160
G2001410,3185,11,6.616398,6480
G4200970,2140,10,6.371396,2880
G5300330,4404,11,3.192174,15120
G3601050,3118,11,5.379434,6840
G0801150,2238,11,5.618220,2880
G4801970,2582,11,5.715525,4680
G4000070,4148,11,6.185378,13320
G4801190,2007,11,5.644924,1800
G5400250,3283,11,6.847001,7200
G2701130,2482,11,8.732303,4320
G2500010,2053,11,3.239392,2520
G3101070,2996,11,7.359659,5760
G4600170,2423,11,8.042537,4320
G4800710,2349,11,4.894580,3240
G0600570,3026,11,4.906185,6840
G4804430,4321,11,7.047297,14400
G1900110,2639,11,7.173119,4320
G2201110,2742,10,6.909308,5400
G1302890,2163,11,7.067631,2520
G0500390,2586,11,7.305333,4320
G1800010,2148,11,5.468539,2520
G1801090,2204,11,6.035144,3240
G3900950,2153,11,4.785889,2880
G4804630,3678,10,7.125473,10800
G3800870,2699,11,6.574039,9000
G2600790,2649,11,4.650990,3240
G4001150,2519,11,7.181812,3240
G2100910,1726,11,6.303679,1080
G2701430,2392,11,8.395475,3240
G5106800,1568,11,7.967780,360
G5101790,1971,11,7.808190,1440
G4000790,3834,11,6.889038,10080
G4001090,2637,11,5.871548,4320
G1900750,2529,11,8.077566,3960
G4000110,2989,11,6.291981,6120
G3100450,3807,11,5.744083,9720
G2800050,2608,11,7.936132,4320
G2801470,2216,11,7.613324,3240
G4802090,2570,11,6.425287,4320
G2900210,1987,11,7.657931,2160
G1701070,2466,10,5.746841,3960
G1200510,3511,11,6.143082,8640
G0800610,3960,11,5.316913,12600
G5300050,4117,11,4.076865,12600
G2101870,2124,11,7.132896,2520
G2102090,2065,11,7.395447,2160
G0201950,6716,11,3.352876,31680
G2801450,2117,10,6.941141,2520
G5100750,2009,11,7.371491,1800
G3901210,2088,11,6.937348,2520
G3701590,2280,11,6.810222,3600
G0101330,2533,11,6.813829,4320
G4801410,2937,11,5.755191,6480
G3601090,2211,11,5.636656,3240
G2001610,2428,10,7.290720,4320
G2001670,2908,11,6.467999,5760
G4200430,2604,11,6.298079,4320
G5300610,4618,11,3.207744,15480
G5500670,2946,11,6.104588,6840
G2001750,2506,11,5.824765,4320
G4803270,2817,10,6.254045,5400
G4000750,3295,11,5.884347,7560
G2801330,2699,11,6.186473,4680
G5300190,4877,11,3.848115,17640
G3800850,3339,11,7.213595,8640
G3400110,2537,11,5.059992,3960
G4600570,2130,11,8.363893,2880
G4600050,3489,11,8.764381,9000
G4802390,2658,11,5.839470,5040
G0600210,3392,11,4.908240,8640
G0400120,6158,11,5.780024,28440
G1900970,2406,11,6.698781,3600
G2800190,2116,11,7.245640,2160
G1301410,2165,11,7.083133,2880
G4500270,2648,11,6.458234,4680
G1800230,1996,10,6.258526,2160
G1801690,2015,10,5.479437,2160
G3900690,2032,11,5.238724,2160
G1200350,2385,11,7.131771,3600
G4601050,2534,11,6.472153,20880
G3600450,3713,11,5.422821,9000
G2901570,2478,11,6.945768,3960
G2002050,2420,11,7.065339,3240
G1901470,2436,11,6.871427,3240
G1100010,1932,11,6.643110,360
G2901330,2141,10,6.428825,2520
G0501130,3086,10,6.661925,6120
G4701070,2183,11,6.790450,2520
G3100550,2147,11,7.341006,2520
G4001130,4165,11,6.389372,13680
G4600330,3971,11,6.978143,11880
G2800630,2067,11,7.356959,2880
G0100530,3106,10,7.643196,6840
G1200330,2480,10,7.333341,4320
G2900470,2243,11,7.547278,2880
G1700430,1834,11,5.308653,1440
G1200970,3509,11,6.389972,10080
G2001290,2540,11,6.261326,4320
G4701630,2166,10,6.872722,3240
G3900530,2147,11,6.929875,2880
G3900090,2609,11,6.353640,4320
G0202200,6106,11,2.466469,25560
G3700690,2565,11,7.158579,3960
G5300350,2113,11,3.753757,2160
G2101330,2066,11,6.234524,2160
G1301390,2152,11,6.327358,2520
G0501050,2486,11,7.148207,3960
G4803770,5695,9,7.026376,24120
G3600310,4331,11,6.150487,14400
G2000410,2911,10,7.222775,5400
G5101650,2704,11,6.936777,5040
G3300050,2565,11,5.474152,4680
G4100590,5579,11,3.515975,23400
G4200270,3253,11,5.657612,7560
G3100870,2653,11,5.582526,4680
G4802630,3085,11,6.210000,6120
G4800870,2926,11,5.662021,5760
G0500910,2668,11,6.736850,4680
G5300370,4699,11,3.363953,16560
G3800510,3037,11,7.400312,6480
G3400150,1954,11,5.747660,1800
G1900210,2561,11,7.820545,4320
G1901930,2920,11,8.100675,6840
G2200510,1902,11,6.520488,1440
G0600530,5336,10,5.369954,21960
G4801350,3040,10,6.834598,5760
G5500210,3169,11,5.947101,6840
G4500750,3420,11,6.699533,7560
G3701630,2951,11,6.974236,5760
G0101090,2397,10,7.046830,3960
G3901090,2233,11,5.685608,3240
G3901370,2369,11,5.363180,3600
G3901070,2581,11,5.388113,4320
G1200190,2403,11,7.400827,3960
G3000550,2813,11,7.552788,20160
G2600030,3632,11,4.666155,6840
G1701990,2403,11,6.682212,2520
G2102250,2198,10,6.523620,2520
G5500930,2903,11,7.968093,4680
G0100830,2235,10,6.475005,3240
G0500930,2698,11,6.613333,5040
G0100490,2922,10,6.588832,5400
G4000150,3472,11,6.176028,8640
G1900030,2310,11,7.809723,2880
G2000350,3535,11,7.081187,9000
G3000450,4529,11,5.773486,14040
G4804030,2321,11,6.859033,3600
G2801130,1952,11,7.862151,2160
G1300430,1723,11,6.240538,1440
G2900790,2350,11,8.198818,3240
G2901370,2626,10,6.853788,4320
G1200870,2764,11,5.375223,5400
G4801790,2986,11,5.646936,5760
G5300210,3597,11,3.903752,10080
G3900250,2146,10,6.886738,2520
G2102170,2014,11,7.229541,2160
G3701170,2415,11,6.647145,3600
G3701430,1908,11,6.463586,1800
G5300290,1925,11,0.795971,1800
G5400330,2192,11,6.695429,2880
G4000670,2704,11,6.246902,5040
G4803630,2820,11,6.292799,5760
G3500230,5635,11,5.805539,23040
G2300250,6705,11,5.907917,30240
G2901090,2522,11,7.101278,4320
G2001450,2596,11,6.159751,4320
G4200710,3109,11,6.224189,6480
G5300430,4879,11,3.346933,17640
G2601430,2534,10,4.896378,4320
G2001930,3055,11,5.641922,7200
G4801010,2771,11,5.873243,5760
G2601530,3560,11,4.858452,9000
G4801470,2876,11,6.063146,5760
G3701150,2247,11,6.610582,2880
G3800950,3485,11,7.487443,8280
G4200170,2724,11,6.034975,5040
G4600090,2700,11,7.829729,4320
G2701170,2296,11,8.843367,3240
G2200390,2444,10,6.611536,3960
G0600970,3699,11,5.177433,10080
G4803350,2916,11,6.567789,6120
G5500090,2411,11,4.769442,3600
G3701550,3064,11,6.623748,6840
G1302650,1700,11,7.260233,1080
G1302250,1502,10,6.417051,360
G1800210,2121,10,6.309806,2520
G1800950,2182,10,5.387415,2880
G1800170,2152,11,5.166805,2880
G4801630,3162,11,6.670974,7560
G3800070,2507,11,7.082538,7920
G3600290,3463,11,4.640787,7200
G1701650,2350,10,6.828069,2880
G1801250,2114,11,6.017616,2520
G2700250,2277,11,8.914303,2520
G4700770,2490,11,6.980952,2880
G0500310,2807,11,6.548124,5040
G1303130,1728,10,6.839870,1080
G3700010,2338,10,7.157487,2880
G1901250,2659,11,8.244666,4320
G5101570,2164,11,6.996612,2160
G3100750,2528,11,5.374844,4320
G2200210,2299,11,6.832126,3600
G4800410,2547,11,6.499557,3960
G2201150,3617,11,7.305680,8280
G1700630,1919,11,5.794063,2160
G2901730,2330,11,6.551343,3240
G1200150,2734,11,5.699522,4680
G4801650,3456,11,6.267039,9000
G4700130,2198,11,6.533995,2880
G4200370,2380,11,6.093388,3240
G2102290,1983,11,6.591626,1800
G5101170,2663,11,7.213117,4320
G3700910,2261,10,6.732419,2880
G4100510,2261,11,3.921227,3240
G5400410,2378,11,6.257795,3240
G4500770,2296,11,6.445231,3240
G1302570,1713,10,7.477250,1440
G3500290,4997,11,5.831619,19080
G5000150,2325,11,5.853165,3600
G2001110,2649,11,6.991430,5400
G2001850,2694,11,5.908257,5040
G3300110,3012,11,5.601761,6120
G1600750,2066,11,3.613191,2520
G3300190,2705,11,5.719531,4680
G2000810,2109,11,5.869188,3240
G4800490,2967,11,6.339082,6840
G2600070,2589,10,4.280224,4320
G2800870,2271,10,6.876457,3240
G5300070,5701,11,3.269718,21960
G3800930,4599,11,7.788505,16920
G2400050,2583,11,5.786137,4320
G2700110,2222,11,8.533260,3240
G4601150,3762,11,8.864792,10800
G4801770,3046,11,6.695904,6840
G0600750,1527,11,2.309004,360
G3200330,11642,11,3.963661,58680
G5500810,3085,11,6.430466,7200
G0101050,2548,11,7.031684,4680
G0501330,2194,11,7.248071,3600
G4500890,2569,11,6.683260,5760
G3900750,2002,11,5.959498,2880
G1700350,1574,11,6.026862,1440
G3901190,2451,11,6.532873,3960
G0600250,6292,11,5.921771,28800
G4600950,1107,11,6.330505,10440
G3600730,2443,11,4.680629,3240
G1701330,2071,11,6.858123,2520
G2101790,2264,11,6.841271,2880
G2700930,2477,11,8.112454,3600
G0500050,2506,11,7.388991,3600
G4700330,1766,11,6.616389,1440
G0100330,2593,11,6.894859,3960
G0501150,2639,11,6.645788,4680
G1900010,2310,11,7.833466,3240
G2000950,2668,11,6.239960,5400
G3100330,3283,11,5.403919,9000
G2200690,3145,10,7.119455,7920
G2801090,2536,11,7.589261,4320
G0100310,2582,11,6.752343,4320
G2900530,2422,10,7.096466,4320
G2900630,2163,11,7.259416,2880
G4802470,3205,11,6.675853,7920
G4803050,2618,11,6.168973,5760
G2101530,1804,10,6.741016,1800
G1800190,1892,11,6.365070,2520
G2100890,1869,11,6.901210,2160
G5107400,1362,11,6.275691,360
G5100410,2215,11,7.516525,2880
G5300550,1316,11,2.808540,360
G5401030,2009,11,6.354623,2520
G0100150,2261,9,7.074426,3960
G4000650,2470,11,5.777719,4680
G4801090,5594,10,6.476478,23760
G3601010,3572,11,5.520265,9720
G2900970,2509,11,7.066299,3960
G3100650,2550,11,6.108355,4680
G4200610,2517,11,5.979972,5400
G3500590,5545,11,5.687802,24480
G4201170,3098,11,5.528739,7920
G2001810,2855,11,5.625244,5760
G4804470,2848,11,6.172564,5760
G5000070,2396,11,5.769574,4320
G4803430,1903,11,5.924780,2520
G4700910,1779,11,6.173465,1440
G2701550,2364,11,7.851806,3600
G2400450,2010,11,5.887193,2880
G4600530,3100,11,7.414593,7920
G4600690,2501,11,7.675025,5040
G2200950,2020,11,5.692589,2160
G0600950,2740,11,5.061914,5760
G4900170,7412,11,6.029318,34920
G5500970,2612,11,5.879786,5400
G0100230,2717,10,7.809220,6120
G0500270,2679,10,7.207617,5040
G4500110,2518,11,6.375937,3960
G3901650,2121,11,6.228505,2880
G1801570,2105,11,5.635920,3240
G1800590,1689,11,5.874915,1440
G1200230,2568,11,7.214054,5760
G3001050,2798,11,7.598398,38160
G3600370,2429,11,4.591222,3240
G2101110,2077,11,6.222859,2520
G1800370,2300,11,6.520857,2880
G2701650,2128,11,7.482053,2160
G4700810,2726,11,7.054689,3600
G2100390,1654,10,6.666094,720
G0101030,2255,11,6.741955,3240
G0100710,3076,11,6.664493,7200
G2900050,2492,11,7.639550,4320
G5101390,1953,11,7.291580,1440
G3101650,4192,11,5.721930,14400
G1301090,1661,11,6.112334,1440
G4500130,2470,11,6.576220,4320
G1303150,2443,11,6.742047,2520
G2002090,1643,11,6.589869,1080
G2901270,2122,11,6.623517,2880
G1201190,2342,11,6.442764,3960
G0400250,9836,11,5.056961,50760
G2101930,2095,11,6.486480,2520
G1801010,2086,11,6.500051,2880
G1801150,1382,11,7.321525,720
G3701070,2015,11,6.685532,2520
G5108100,1668,11,5.328727,1440
G4100110,3608,11,4.441163,11520
G4200190,2538,11,6.184564,5400
G0100290,2108,10,7.170711,3240
G1300890,1865,11,5.430713,1800
G3500510,5870,11,5.826563,27360
G4701550,2318,11,6.816856,3960
G2901870,1971,10,7.436575,2520
G5400310,2331,11,6.646682,3960
G4200990,2197,11,6.382013,3600
G0400170,11975,11,4.996074,63720
G5500370,2368,11,6.577967,3960
G2000930,2606,11,5.684529,5400
G4803190,2912,10,6.499455,6480
G2600510,2297,11,4.882870,3960
G4800630,1825,11,6.073453,1440
G5400550,2181,11,6.784426,3240
G3800830,2845,11,6.605371,6480
G3600810,1414,10,5.699283,720
G4600370,3081,11,8.167719,7920
G3101390,2358,11,7.046712,4320
G4802850,2992,11,6.400952,6480
G0600850,3170,11,5.107041,8280
G4900150,6518,11,5.285212,29520
G1900130,2533,11,7.319840,5040
G4500710,2179,11,7.315402,3600
G3700510,2288,11,6.784480,4320
G1302210,1819,11,7.180181,1800
G1801370,1992,11,6.073745,2880
G1700450,2075,11,6.017475,3240
G1801590,1915,11,5.958416,2160
G1200030,2101,10,7.485999,3600
G3800890,2051,11,6.190851,9720
G3600650,3460,10,5.580512,9360
G2100590,2152,11,6.347403,2520
G2100030,1913,11,6.428633,2160
G5501190,2950,11,6.734046,6120
G4700530,2328,11,6.634425,3600
G5101770,2065,11,7.448527,2520
G4000770,2598,10,6.721771,5400
G4000310,2724,11,5.813951,5760
G1901330,2296,11,7.375646,3960
G0501430,3130,11,6.706855,7560
G3000130,5105,11,5.301933,19800
G1302010,1830,10,6.206916,2160
G2200430,2270,10,7.124091,3960
G1302510,2183,11,6.530505,3600
G1701470,2151,11,5.705012,2880
G2901770,2232,11,7.591930,3600
G1201010,2489,11,5.911092,5400
G4805010,2477,11,5.918802,4680
G2101890,1712,10,6.830033,1080
G1800270,1899,11,6.578667,2520
G2100170,1861,11,7.015679,2160
G0500450,2355,11,6.521206,4320
G5101010,1994,11,7.779677,2160
G4100070,2624,11,3.732938,6120
G3601070,2414,11,6.085114,4320
G4500910,2369,11,6.955667,4320
G4000130,2792,11,6.281048,6480
G3500350,8183,11,6.099964,41040
G3100090,2743,11,5.597862,6120
G2901050,2328,11,7.393942,3960
G5100150,3008,11,7.067502,7200
G3600710,2572,11,5.515019,5400
G0800710,6509,11,6.002380,30960
G2601190,2183,11,4.670212,3240
G2000550,3380,11,5.796874,8640
G4801330,2651,10,6.078633,6120
G5500750,3631,11,5.663067,10080
G4803090,2756,11,6.358607,6480
G3700090,2344,11,6.343130,3240
G3800090,4005,11,7.778489,12960
G4200290,2604,11,5.993014,5040
G4600270,1968,11,8.043945,2520
G4600250,3111,11,8.367650,8280
G2200470,2286,11,6.083846,3600
G0600470,3676,11,5.225478,12240
G5600090,6175,11,5.690512,29520
G1901050,2179,11,6.364216,3240
G4500310,2263,11,6.394098,3960
G2800650,1947,10,7.393713,2880
G0500030,2825,11,7.117973,6480
G3901010,2019,11,5.696757,2520
G3901350,1813,11,5.843053,2160
G1801310,1835,11,5.157144,2160
G0800030,2279,11,6.936566,3960
G3000790,2163,11,7.618593,12960
G3600990,2391,11,5.209227,2880
G1800510,2049,10,5.878665,2520
G0800150,3168,11,8.185249,6840
G2701450,3990,11,8.156229,10800
G4700470,2560,10,6.681233,4320
G4700450,2502,11,6.583544,4320
G0500830,2638,11,6.725121,5040
G4000170,2899,11,6.129478,5400
G2000430,2207,10,7.269155,3240
G4700610,1944,11,6.242140,2160
G5600110,5074,11,6.419171,20160
G1301550,1850,10,6.710520,2160
G1200630,2842,10,6.730270,5760
G4804710,2473,11,6.755406,5040
G2001490,2482,11,7.235837,4680
G2901150,2595,11,7.573475,5760
G1200990,4293,10,5.787484,14040
G4803030,2717,11,5.744783,5760
G2101750,2014,10,6.617224,2880
G3901630,1773,11,6.560682,2160
G5400530,2008,11,6.845293,2880
G3700290,1607,11,7.016641,1080
G3701850,2025,11,7.768705,2880
G5300670,2699,11,4.327249,5760
G2100950,2003,11,6.650153,2880
G4800230,2646,11,6.263156,5760
G1301430,1657,10,6.982174,1440
G3500530,8390,11,5.292000,42840
G1600010,2963,11,3.342024,7560
G2001390,2541,10,7.129352,5400
G2001630,3002,11,6.339732,7560
G2500130,2135,11,5.639095,3600
G0801010,4345,11,5.272844,15480
G2600430,2599,11,6.250104,5760
G2001010,2430,11,5.473300,4320
G4801710,2747,11,6.570296,6480
G5000130,1632,11,5.700998,1440
G2800550,1820,11,6.355226,2160
G3701210,1667,11,6.500031,1440
G3800210,3106,11,7.686063,7200
G2500210,2036,10,5.055780,3240
G1900590,2654,11,8.539665,4320
G2700730,2889,11,8.833439,6120
G4800550,2443,10,6.435566,3600
G0600070,3698,11,4.159241,10800
G4900270,9006,11,3.869439,45000
G1900170,2346,11,6.584632,3600
G2200810,1986,11,6.900243,2160
G2200150,2766,10,6.563328,5400
G1301690,2074,11,7.233540,2520
G1800690,1953,11,5.427584,2160
G1800850,2586,11,5.273572,4320
G1801490,2148,11,4.964310,2160
G0800270,2613,11,6.825715,5040
G4600550,2137,11,6.615129,13680
G2600950,3534,11,4.591439,6840
G2101710,2073,11,6.707896,2160
G0800470,1715,11,5.627288,720
G2700650,2773,11,8.222730,4320
G4001470,2484,11,6.762751,3600
G0500650,2744,11,7.399721,3600
G0500230,2439,11,7.154911,3240
G4001270,3413,11,6.683103,8280
G1901370,1857,11,7.134442,2160
G4701390,2193,11,7.226026,2880
G5600270,4918,11,5.777765,18720
G1301830,2091,11,7.224279,2520
G1302990,3237,11,7.629337,6120
G1200130,2531,11,6.657571,3600
G2000450,2587,11,7.422711,4320
G1700670,2771,11,6.584058,5760
G1200860,3978,11,5.812167,12600
G0400070,6650,11,5.420846,31680
G4700250,2270,11,6.732254,3240
G1800130,2094,11,6.661384,2160
G1600810,2009,11,4.890916,2160
G2801430,2289,11,6.320720,2880
G3700790,1810,11,6.279911,1800
G0600450,5792,11,4.896563,24480
G4201210,2711,11,6.048527,5040
G4500830,2639,11,6.577370,5040
G4000890,4009,11,6.733119,11880
G3500150,6053,11,6.176787,27000
G3701730,2282,11,6.452062,3240
G2000010,2408,11,6.916575,3240
G3100630,3205,11,6.126422,7560
G2300050,2880,11,5.505257,6120
G0800390,3861,11,5.490595,11160
G5000210,3164,11,6.180585,6480
G3100530,2552,11,8.088015,4680
G4803330,2614,11,6.690426,5040
G2601610,2671,11,4.916328,5040
G2201070,2310,11,6.571236,3600
G5300590,4239,11,3.366167,12600
G4600890,3609,11,7.456099,9360
G3400030,1928,11,5.504086,1800
G4600150,2736,11,7.998560,5040
G1900350,2315,11,8.699791,3240
G2200710,1847,10,4.348311,1800
G0600870,1965,11,4.537922,2160
G0800770,5609,11,6.558418,22680
G5501010,2009,11,5.179188,2160
G0100110,2186,11,7.536470,3240
G3700470,3060,11,7.186155,6480
G1301630,2096,10,6.589563,2880
G3901570,2401,11,6.348887,3600
G2601510,3159,11,4.236800,6840
G3901250,2214,11,5.368758,3240
G0800350,2790,11,5.383090,5760
G4601210,2179,11,6.078231,7920
G3900550,2532,11,5.742801,3240
G1701590,2592,11,5.901619,3240
G0801190,2466,11,7.260434,4320
G2700350,3785,11,8.243426,9360
G2101050,2196,11,6.919042,1800
G4700830,2025,11,7.190096,1440
G4000050,2915,11,6.388365,5760
G4000730,3104,10,5.899635,5760
G1901350,2117,11,7.728812,2160
G4000930,2854,11,6.007358,5760
G4900450,9125,11,3.987710,48960
G2200790,3635,11,6.748738,8280
G2200250,2870,11,6.581055,5760
G1200590,2388,11,7.092769,3600
G1901630,2391,10,6.447477,2880
G5500590,2205,11,5.254383,2520
G4802730,2903,10,5.961856,5760
G4802190,2862,11,5.942323,5760
G4701290,2568,11,6.446170,3960
G2100490,1929,10,6.691720,1440
G1600850,5914,11,4.655617,26280
G3700410,1813,11,5.888777,1440
G3700830,2783,11,6.767245,5040
G4100150,3821,11,4.261541,11520
G4200310,2582,11,6.314413,4320
G3701610,2584,11,6.876521,3600
G4500210,2106,11,6.557120,2880
G3500610,3201,11,5.115924,7200
G3100410,4683,11,5.850620,16200
G2901670,2525,11,6.845587,4320
G2000470,2702,11,6.089648,5040
G2500110,2900,11,5.609530,5760
G0800870,3492,10,5.384781,9000
G4201130,2238,11,5.792235,2880
G5500510,3080,11,6.689079,6120
G4803850,2510,11,6.774637,3960
G2600690,2607,11,4.400410,4680
G2200650,2430,11,6.461105,3960
G5400750,2834,11,6.791747,5760
G3800310,2781,11,8.187153,5400
G0900090,2660,11,5.004106,4680
G4600350,1948,11,8.310922,2160
G4600430,2226,11,7.944461,2880
G4800570,2458,11,4.981492,3960
G0601150,2640,11,4.441012,4680
G3000970,4164,11,5.834308,14400
G5501310,2253,11,5.221275,3240
G1301250,1743,11,6.361292,1080
G3700190,2685,11,6.859784,5040
G4500050,1943,11,6.563687,2160
G1801830,1946,11,5.558955,2160
G3900230,2345,11,5.931264,3240
G2600630,2957,11,4.144006,6120
G0800590,2968,11,5.268072,5400
G3800110,1577,11,6.614880,9000
G3901390,2787,11,5.268055,3600
G4700270,1997,11,6.607572,1440
G0801050,2978,11,8.271755,6120
G5500130,3157,11,8.637484,7200
G4700030,2219,11,6.915206,2520
G4700390,2121,10,6.920161,2160
G1302270,1821,11,7.039834,1080
G5100890,2133,11,7.002315,2160
G1900530,2372,11,7.836540,3240
G2902130,2710,11,7.513831,4320
G3000030,7853,11,6.674859,34920
G4800050,3104,11,7.470221,5760
G4802870,2384,10,6.360510,3600
G1300290,2136,10,6.792413,2520
G2900330,2810,11,7.436303,5760
G2001210,2654,10,7.079284,4320
G1200950,2761,11,6.482025,5400
G4802790,3165,11,5.773676,6840
G2101210,2253,11,6.441185,2520
G2101590,1937,10,6.360867,1800
G3000390,4141,11,5.577267,12960
G5100250,2468,11,7.241558,3960
G5101450,1922,11,7.077789,1800
G5300150,3401,11,3.996182,8280
G5100510,2149,11,6.340389,2520
G1300130,1690,11,7.443968,1440
G3701050,2010,11,7.654991,1800
G4802430,4144,11,6.842137,14040
G1600610,2388,11,3.777063,3600
G2000110,2961,11,7.238397,5760
G5100050,2079,10,6.831395,2880
G2400430,2108,11,6.569188,2880
G3101050,2863,11,5.208262,5760
G5000250,2627,11,5.424837,4680
G3101670,2155,11,7.470335,3240
G4804110,3167,11,6.606983,7200
G2600290,2454,11,3.577014,3600
G4800850,2837,11,5.812749,5400
G5400230,2122,11,5.931791,2880
G3800810,3395,11,7.694637,8280
G4201010,1583,11,5.897786,360
G1901410,2229,11,8.229258,3240
G4600770,3201,11,8.364053,7200
G4800210,2598,10,6.673728,5400
G0600110,3294,11,4.820483,7920
G5600330,4856,11,7.339953,18000
G1700850,2476,11,6.356104,4680
G0100910,2846,11,7.624161,6120
G1301450,2446,11,7.177410,3960
G4500670,2352,11,7.003739,3600
G2600370,2904,11,4.961140,5760
G1801030,2303,11,5.361430,3240
G3900730,2010,11,6.598445,2520
G3500060,6196,11,5.111177,28440
G3000250,2329,11,7.166760,11160
G3901170,2653,11,5.392714,3240
G1801230,2407,11,6.512436,2520
G0800910,2407,11,6.302937,2880
G2700410,2709,11,8.477067,4680
G0500890,2535,10,7.176025,3960
G5100130,1689,11,6.396490,360
G4000630,3087,11,6.296088,5760
G0500470,2756,11,6.454290,4680
G5500490,2580,11,6.484757,4680
G2901790,2884,11,7.611596,5400
G3100070,2927,11,5.159854,5040
G1302670,2303,11,6.423786,3240
G0100390,2940,11,7.350330,5760
G3100830,2547,11,5.943921,3960
G2901070,2720,11,7.111692,5040
G1701130,3233,11,5.803732,7560
G1201270,3228,11,7.107752,7560
G4801070,2906,11,6.008687,5760
G5400590,2026,10,6.415543,2520
G2101350,2313,11,6.985042,3240
G3000590,4706,11,5.351823,16560
G5100360,1671,11,7.459342,1080
G3700770,2218,11,7.325357,2880
G5300110,2647,10,3.749413,5040
G3900990,2179,11,6.085661,2880
G1302170,1773,10,6.742135,1800
G1301210,2364,11,6.510540,3600
G3500270,6639,11,5.740168,30600
G1600450,2465,11,3.192528,3960
G2902170,2837,11,7.413531,5760
G1302810,1747,11,6.507217,1080
G2300010,2422,10,5.529846,3600
G0400050,53283,11,5.009146,122040
G3300030,3108,11,5.324412,6480
G4601170,3770,11,7.161970,11160
G4804330,2993,11,6.338083,6480
G3600910,3225,10,5.456196,6840
G0500810,2645,11,6.709806,4320
G5300730,4465,11,3.341314,15840
G3800350,3528,11,8.722383,10080
G0900070,2016,10,5.429586,2520
G4600870,2326,11,8.256366,3240
G3100270,2845,11,7.588599,5760
G4801870,2572,11,6.703284,4680
G0601010,2258,10,4.560155,3600
G3000090,4450,11,6.382442,15120
G5500610,2056,11,4.741439,2160
G1301970,2059,11,7.020335,2520
G2800750,2269,11,7.802197,4320
G2200490,2352,11,7.045809,3960
G3901470,2528,11,5.144882,4320
G1800330,1973,11,5.613214,2160
G1701830,2868,11,5.890752,6480
G3500430,5633,11,5.512425,24480
G3000190,1130,11,7.758717,11160
G3900930,2481,11,4.969865,3600
G2901510,2821,11,7.534370,4680
G0800650,2328,11,9.121864,2520
G2700990,2602,11,7.722959,4320
G4701670,2100,11,6.675367,2880
G5100290,2228,11,7.527139,3240
G1300570,2261,10,6.659563,2880
G4700550,2684,11,6.903617,3960
G1900990,2383,11,7.743885,4320
G5101250,2220,11,7.440148,2880
G5600150,4416,11,5.322474,15840
G2800450,2275,10,7.041062,2880
G2801310,2265,9,7.787202,2880
G3100810,2658,11,6.876125,4680
G1700010,2763,11,6.513221,6480
G2900890,2067,11,6.764860,2880
G1200210,4035,11,5.851114,12240
G4800790,2816,11,5.853428,5760
G4700630,1775,11,6.706786,1080
G1800790,2124,11,6.261885,3240
G3000930,2573,10,5.977204,5040
G0500950,2387,11,6.383487,3960
G5100070,2169,11,7.312564,2520
G5300450,3176,11,4.165385,7200
G3600970,1972,11,5.535791,2880
G4500870,2273,11,7.145024,3600
G1302190,1740,11,6.973999,1800
G3500170,5778,11,5.570395,24480
G3700050,1726,11,6.991469,1080
G2901850,2441,10,6.977731,4320
G2000970,2749,11,6.311171,4320
G4200670,1890,11,6.543494,2520
G3500470,6729,11,5.435952,30600
G4200230,2119,10,5.467485,2880
G3100770,2271,10,6.522541,3600
G4800190,2400,11,6.574074,5040
G3600930,1651,11,5.604869,1440
G4801590,1521,11,5.940262,1080
G5300650,4822,11,4.050247,18000
G3800910,2705,10,8.754568,5400
G5101070,2535,11,6.757070,3960
G1901190,2549,11,8.721768,5400
G4600290,2731,11,8.041589,5760
G1600350,4923,11,4.309333,18720
G0601130,3044,11,5.139208,6840
G5600430,4770,11,7.449419,16200
G5500570,2420,11,6.498418,3960
G4500790,2465,11,7.063575,5400
G0100070,2319,11,7.306827,4680
G1302630,1630,11,7.617497,1800
G3900510,2181,11,5.083632,3240
G2601550,2287,11,4.732967,3240
G3901490,1960,11,5.821805,2880
G0800550,3602,11,6.054229,11160
G3000210,2119,11,7.770503,17280
G1801410,2453,11,5.020632,3600
G1800830,2256,11,6.216476,3240
G0801110,2050,11,8.434918,2520
G2700070,5686,11,8.304214,22320
G4700050,2213,11,6.824774,2880
G0500490,2781,11,7.487981,6120
G0100890,3157,11,6.332630,5760
G1300470,1568,11,6.863929,1080
G1900250,2491,11,7.874082,4320
G4000030,2732,11,6.362991,5400
G5600450,4689,11,6.409966,16200
G2200030,2420,10,7.087529,4680
G4804910,2938,10,6.560634,7560
G3100790,2390,11,6.293893,3240
G5500790,1536,11,4.953097,1080
G1700610,2241,10,6.521564,3240
G4804890,2402,11,5.844693,4680
G3500110,4573,11,5.155808,15120
G4700730,2048,11,6.529129,2880
G3900150,2192,11,6.623236,3240
G1600770,3402,11,4.655966,10080
G3700850,2362,10,6.918968,3960
G5100370,2233,11,7.365842,2880
G4100670,2769,11,4.078060,5040
G2500030,3002,11,5.490677,7200
G0101150,2096,10,7.163128,3600
G4805030,2727,11,6.300507,6840
G4802290,6283,10,6.293942,29880
G5400710,2655,11,6.306035,4680
G2901690,2467,10,7.384339,3960
G2000650,2561,11,6.051652,5760
G4200950,1833,11,5.889562,2160
G0800250,2358,11,5.076719,4680
G5000270,3384,11,5.712657,6840
G2600710,3445,11,6.677569,9000
G4800530,2530,10,6.698336,5400
G2600010,2337,11,4.301843,4320
G2200830,2047,10,6.372873,3240
G5400890,2055,11,6.404682,2880
G3800970,3172,11,9.109319,7200
G2400150,1814,10,6.325926,2160
G4600510,2296,11,8.654599,3960
G2700810,2231,11,8.632056,3600
G0600350,6750,11,3.623584,31680
G0600810,2231,11,3.686590,2880
G4900250,6308,11,4.629836,27720
G1900190,2351,11,6.267988,4320
G4500690,2118,11,6.789579,3600
G2800850,2374,10,7.731958,4320
G0100410,2497,11,7.457713,4320
G2600810,2696,11,4.655058,5760
G1801510,2101,11,5.389542,2520
G2601170,2536,11,4.646295,5400
G0800690,4831,11,6.155966,18000
G3001090,1984,11,7.198215,6480
G4200490,2901,11,4.961887,5760
G1801730,2045,11,6.232390,2880
G0800790,2838,11,9.056572,6120
G2700130,3117,11,8.208871,6480
G2100350,1924,11,7.125145,2160
G4701590,1992,11,6.604263,2520
G4701210,1725,11,6.713758,1080
G3701690,2135,11,6.496433,3240
G1900490,2499,11,7.845799,4320
G5100230,2310,11,7.286558,3600
G5600310,4302,11,5.320983,15480
G4803470,2550,11,7.471201,5400
G1302790,1838,10,6.234826,2160
G3101290,2819,10,6.535247,5760
G1700950,2474,11,6.217070,4680
G2001170,2727,11,7.398965,5760
G4803550,2791,10,5.353229,6480
G0400150,29565,11,4.665256,87840
G2102370,1603,10,6.336941,1080
G3901310,1822,10,6.706442,2520
G1600410,2387,11,4.912156,4320
G5101330,1911,11,6.051418,1800
G0500350,2252,11,6.418249,3960
G4100410,2806,11,3.896791,6480
G5400170,1687,11,6.616336,1800
G4800770,2950,11,6.464714,6120
G4500450,2742,11,6.242015,5760
G0400230,3072,10,6.299917,7200
G3700210,2322,11,6.513774,4320
G2000150,3334,11,7.093188,9000
G5100170,2242,11,6.770045,3600
G3300170,2025,11,5.178381,2880
G4900530,4246,11,4.308531,14760
G4201030,2343,11,5.515230,3960
G3101430,2024,11,7.111415,2880
G4801510,2571,11,6.319940,5760
G2601410,2363,11,4.308592,4680
G2200350,2093,10,6.070968,2880
G5100210,1892,11,6.517800,2520
G3800390,2858,11,8.694369,6480
G3400390,1220,10,6.138866,360
G4601250,2455,11,8.645152,3960
G4601350,2524,11,8.646098,4680
G1600390,5092,11,4.102547,21600
G0600670,2716,11,4.946464,6480
G4900490,4322,11,5.018112,15480
G5501330,2649,11,5.159504,5760
G0100630,2351,11,7.228961,4320
G0500110,2240,11,7.257284,4320
G3701410,2674,11,7.524983,5760
G3900490,2188,11,5.788227,3240
G1800410,1764,11,5.886564,1800
G1800650,1800,10,5.683232,2160
G3500070,5592,11,6.307300,24480
G4600710,1721,11,6.085228,11880
G3901550,2620,11,5.903470,4320
G1801290,2319,11,6.243044,3240
G0801170,2651,11,8.511388,5040
G2700450,2668,11,7.474721,5400
G4700710,2576,11,7.007206,3960
G2400370,2069,11,6.527406,2880
G4000690,2365,11,6.482737,3600
G4001230,2446,11,6.240701,4320
G5500230,2183,11,6.949196,3240
G5100190,2521,11,6.853118,5040
G3000370,3258,11,6.023717,7560
G1300750,1626,11,6.537951,1080
G0100050,2648,10,7.241733,5760
G3100590,2227,11,7.003346,3240
G2900410,2435,11,7.695636,4320
G1701030,2678,11,5.930107,5040
G1200490,2356,11,6.140447,4320
G0600270,12453,11,5.243703,66240
G2102310,2232,11,6.621160,3600
G1800770,1787,10,6.289901,2160
G3000770,4796,11,4.880264,17280
G0501230,2341,11,6.422462,3960
G5100810,2111,11,6.953018,2160
G5300270,4210,11,4.033741,13680
G5401090,2197,11,6.466496,2880
G3701190,2256,10,6.986245,3600
G1302970,1974,10,6.668096,2160
G0400090,6509,11,5.901028,30240
G5400630,2064,11,6.811314,2880
G2000490,2615,11,6.888791,4320
G2000510,2969,11,6.097426,6120
G2300270,2760,11,5.527817,5400
G0400010,13202,11,5.232955,73440
G2601350,2895,11,4.650045,5760
G3100390,2289,11,7.431345,3240
G4802810,2606,11,6.462107,4680
G2300190,5605,11,5.633423,24840
G4801810,2880,11,6.571858,5400
G3701890,1843,11,6.511130,1800
G3800030,3922,11,8.342981,10800
G2400290,2127,11,4.723273,2520
G2700330,2362,11,8.331879,3600
G2200890,1960,11,6.127748,2160
G1600210,3494,11,4.296791,9360
G0600550,2831,11,5.278317,5400
G4900350,2714,11,3.994670,5760
G5500390,2660,11,5.364864,5040
G0101310,2856,9,7.838576,5760
G4803150,2064,11,7.046338,2880
G4800670,2604,11,6.187475,4680
G1800810,1920,11,5.735892,2160
G1800350,2161,11,5.895814,3240
G3901730,2407,11,5.087470,4680
G0600510,4951,11,5.148912,19440
G4600310,2219,11,7.178863,17280
G2601270,2881,11,4.029656,4320
G2101390,2161,11,7.018894,2160
G0800930,4648,11,7.550238,14040
G2700010,4759,11,9.139415,14760
G5105100,1662,10,7.775227,360
G4001170,2511,11,6.471910,3960
G3701710,2684,11,6.597127,3960
G4001070,2664,10,6.104211,4320
G2900810,2794,11,7.981961,5760
G5100690,2238,11,7.148422,2520
G3100130,3094,11,5.617284,7200
G2800910,2260,10,7.704436,3240
G1302430,2204,11,7.024481,2880
G3101210,2552,11,6.746773,4320
G1700970,2210,11,5.389801,3240
G2001770,2339,10,7.355888,3600
G1200530,2168,11,6.010113,2880
G3500090,3641,10,5.684662,10080
G2101290,1904,10,6.617731,1800
G2101730,1901,11,6.693841,1440
G1600430,4132,11,4.983299,13320
G3701390,1821,10,6.155093,1080
G5101810,1974,11,7.334154,1800
G4100570,3351,11,3.619128,7920
G4200030,2704,11,6.168052,5400
G1300770,2335,11,7.053357,3240
G1301190,1851,11,6.916361,1800
G4800430,8109,10,7.328473,39960
G3100470,3365,11,6.078666,8280
G2900130,2834,11,7.039388,5760
G5101410,2128,11,6.693397,2880
G2500150,2437,11,5.574657,3600
G3500570,5540,11,4.844383,21240
G2601330,2185,11,4.813987,3240
G3101250,2116,11,6.715983,2880
G4802690,2841,11,6.231897,5760
G2600170,2244,11,4.543894,3240
G4804490,1828,11,5.809635,1800
G4700190,2105,11,6.522873,2520
G3800990,3405,11,8.474699,8640
G3400190,2276,11,5.875509,2880
G2700830,3088,11,8.560325,7200
G2200990,2617,10,5.723607,5040
G1600830,4315,11,3.834304,14400
G0600690,3569,11,5.640909,10080
G0800810,6864,11,5.303075,32400
G5500470,2159,11,5.779878,2880
G1301930,2024,10,6.798669,2520
G2800790,2197,11,7.432930,3240
G3701030,2170,11,7.502320,2880
G1801110,1913,11,5.206438,1800
G1800750,1782,11,5.369691,1440
G3900110,1735,11,5.494174,2160
G3500030,8595,11,5.114235,44640
G3101490,1954,11,6.283517,7200
G3900050,2466,11,5.252443,2520
G2101690,2130,11,6.753630,1800
G0800190,2280,11,6.845586,2520
G2700490,2929,11,8.326484,5760
G2400170,2327,11,7.618433,3240
G0501210,2727,11,7.145301,4680
G4001370,2923,11,6.116965,5760
G3700810,2807,11,6.763192,4680
G2902270,2050,11,8.097157,1800
G5100670,2639,11,6.936665,4320
G5600050,7259,11,6.175623,34920
G4500490,2175,11,6.438904,2880
G4804530,2912,10,6.896749,6480
G3101750,2313,11,6.403442,3240
G1700710,2039,10,6.318880,2160
G2000850,2679,10,7.449235,5040
G4800250,2623,10,6.182220,5040
G4804450,2888,11,5.877390,5760
G4701730,2006,11,6.463285,1800
G2100190,1646,11,6.520063,720
G3000570,5826,11,5.666137,27000
G5107100,1513,11,5.926561,360
G5101470,2170,11,7.946198,2160
G4100090,2558,11,4.261387,4320
G4200690,2246,11,5.593002,3240
G0100170,2331,10,7.474726,3960
G1301950,2092,11,7.433283,2160
G2300210,6758,11,5.865966,31320
G3700990,2425,11,6.427956,3600
G2400010,2197,11,6.811701,2880
G2001790,2824,11,5.889443,5760
G0900030,2703,10,5.270611,5400
G0800010,3291,11,5.271045,8280
G4200350,2875,11,5.834244,6120
G1901610,2634,11,7.776595,4680
G4804170,2974,11,6.363459,5760
G3601150,2779,11,6.388918,5760
G0500730,2222,10,6.897594,3600
G1600870,3523,11,3.041841,10080
G3800050,3701,11,6.997992,10440
G3400130,1615,11,5.641447,720
G4600490,3049,11,7.795507,6840
G2200550,1691,10,5.843170,1440
G3200310,8448,11,3.306020,43200
G0600990,3571,11,5.350073,10080
G3200110,6221,11,3.720880,28440
G1702010,2414,11,5.860213,3600
G2800970,1906,10,7.070892,2880
G1301050,1975,11,7.069454,2520
G4500170,1885,11,6.930885,2160
G3901710,1880,11,5.696669,2160
G1800910,2539,11,5.020491,4680
G1700910,2719,10,5.458672,5040
G0800830,3931,11,6.174692,13320
G3800370,2020,11,6.574982,12240
G2600890,2421,11,3.516268,2880
G2102190,2385,11,6.646386,2880
G0800510,5698,11,7.750726,21600
G2701270,3012,11,8.457678,6840
G4701870,2527,11,6.343588,3600
G2901550,2298,11,6.522941,2880
G1302130,2083,11,6.838021,2520
G5100110,1949,11,7.374452,2160
G1901070,2876,11,7.957666,5760
G2902030,2992,11,7.818694,6480
G3001070,3687,11,5.806517,10080
G4804070,2757,11,7.035681,5400
G2200910,2047,11,7.624195,2160
G3100950,2589,11,7.076178,4320
G1701150,2546,11,5.964232,4320
G1701250,2834,11,5.889062,3960
G1200930,2817,11,6.291072,6480
G3200030,9926,11,5.292421,52920
G4700350,2575,11,6.210844,4320
G1700050,2211,11,6.085315,2880
G4900330,3268,11,5.461017,7560
G0500850,2688,11,6.400949,5040
G3701870,2200,11,6.851700,2880
G5300690,2055,10,4.292179,2520
G2601370,2408,11,4.666855,3960
G1300150,2152,11,7.114153,3240
G1302550,2035,11,7.431473,1080
G2601030,4150,11,5.608893,12600
G5100350,2068,11,6.612383,2520
G2902190,2474,11,7.126480,3960
G2001370,2841,11,6.026786,5760
G2300110,2970,11,5.841689,6480
G3500190,5439,11,4.792230,20520
G5500410,2806,11,6.556940,6120
G5500850,3809,11,6.615706,10440
G4800310,2243,10,6.441627,3600
G2600730,2361,11,4.788965,3600
G2800530,2479,11,6.075148,3240
G5300170,4435,11,2.984056,14760
G4600130,4055,11,7.827079,13320
G2500190,1569,11,0.920745,720
G2701050,2593,10,8.570162,4320
G4802450,2787,11,5.521495,5760
G3000490,6190,11,5.140245,26640
G0600010,2663,11,4.713138,5400
G4900190,5638,11,6.291382,24480
G5500450,2528,11,5.916375,4320
G0501390,3270,10,7.324509,7920
G1300530,1597,10,6.822272,1080
G0100010,2146,11,7.244434,3600
G2601570,2793,11,4.465033,6120
G3901130,2079,11,6.045666,3240
G1200770,2365,11,6.994259,5040
G5600010,6219,11,5.143510,29160
G3600110,1804,11,5.213213,5040
G3900430,1983,11,5.094129,1800
G2100930,2762,11,6.689883,5040
G0800210,3184,11,8.385298,8640
G1901090,3067,11,7.101206,6480
G4701830,2275,11,6.750203,3600
G4701690,1410,11,6.701869,720
G4700650,2318,10,6.614672,3600
G0501270,2825,10,7.089496,6120
G3101310,2610,11,7.793573,5400
G2000070,3350,11,6.322662,8640
G3101610,4788,11,5.464259,16200
G4801450,2365,11,6.743001,4680
G4800270,3029,11,6.542035,7200
G3101150,2309,11,5.918142,3600
G2900450,2181,11,6.784839,2880
G1701370,2460,11,6.191291,4680
G1201110,2029,10,5.912807,3240
G4800170,2849,11,5.677121,6480
G5400870,2327,11,6.525150,3600
G1800550,1968,11,6.596126,2880
G1600070,3066,11,5.053548,7560
G2801410,2007,10,6.809868,2880
G3700550,1931,10,5.706766,2160
G5300090,4139,11,3.801068,12240
G5400950,1920,11,7.015921,1440
G4802370,2609,11,6.634364,5040
G4800970,2795,11,6.600606,5400
G4200510,2506,11,6.316247,5040
G3100170,3236,11,5.804204,9000
G2000030,2104,10,7.051894,3240
G2000830,3009,11,6.033724,5760
G4200770,1902,10,5.881241,2160
G3200090,5406,11,3.305767,23760
G2300170,4117,11,5.526892,14760
G3100110,2575,11,6.640872,5400
G4802750,2876,11,6.037678,5760
G3600830,2529,11,5.591659,4320
G4802210,2128,11,6.104409,2880
G5300770,6696,11,3.942354,30960
G2701190,3951,11,8.876434,13320
G3400090,1735,11,4.876399,1800
G4600790,2480,11,8.527646,4320
G2200570,3236,11,5.654741,7920
G1600630,3119,11,4.362420,7920
G0600130,2310,11,4.595639,4320
G3200210,5961,11,3.576162,26280
G5500550,2401,11,5.810096,4320
G0101010,2578,10,6.842312,5040
G2800070,2592,11,7.357290,4680
G1301530,2079,11,6.551911,3240
G1801130,1781,11,5.407444,2160
G1800670,2111,11,5.647104,2520
G1200830,3508,11,7.112693,10080
G0800430,3570,11,6.257773,10080
G3600890,1747,11,5.771206,19440
G3600550,2666,11,4.760690,4320
G2100570,2281,11,6.851566,2520
G0800570,3845,11,7.140546,10440
G2701510,2476,11,8.419438,4320
G2100070,1947,10,6.839837,2160
G1700030,1869,11,6.699580,1800
G4000910,2595,11,6.271106,4680
G5101430,2921,11,7.171807,6840
G3101270,1867,11,7.510525,2160
G5101130,1856,11,7.167615,2160
G4900110,2414,11,3.163660,4680
G1302530,1735,11,6.162907,1440
G1300610,1686,11,6.947937,1440
G3101690,2435,11,7.132455,4320
G2900070,2435,11,6.700030,3960
G1701290,1802,10,5.899130,1800
G4805050,2825,11,7.003775,6840
G3500410,4138,11,5.684388,15120
G5401070,2062,11,6.682345,2520
G3900870,2154,11,7.180655,3240
G1600130,4935,11,4.918724,18720
G0501070,2683,11,6.252235,5400
G5107300,1527,11,7.037946,360
G0600230,5482,11,4.590474,23760
G5400090,1374,11,5.547437,360
G4500570,2127,11,7.178766,3600
G1301350,1900,11,6.041876,2520
G4200210,2476,11,5.816290,4320
G1600550,3694,11,4.550927,10080
G2900430,2744,11,7.130281,5040
G1301110,2047,11,6.822065,2520
G2300230,1615,11,5.517538,1440
G0801210,4227,11,5.349455,15840
G5400570,1995,11,6.586264,2880
G3101410,2604,11,7.132280,4680
G4801370,3776,11,6.761410,12600
G2601090,2796,11,5.722169,6840
G4802570,2635,11,6.082055,5760
G3700110,1829,11,6.426404,1440
G2700510,2721,11,8.301177,4320
G2400310,2402,11,6.310364,3600
G2701010,2242,11,8.651072,4320
G4801750,2793,11,6.290026,6480
G3200010,6742,11,3.433740,34200
G0600410,2206,11,4.584930,2880
G4900210,5170,11,4.335173,21240
G5500770,1890,11,5.759692,2520
G4500650,1831,11,7.519043,2520
G1302150,1555,11,6.740478,1440
G0500190,2715,11,7.208306,6120
G3900410,1950,11,5.569479,2880
G3900030,2227,11,5.264941,3240
G4802830,3080,11,6.930369,8280
G3500310,7133,11,5.406209,35640
G3900770,2129,11,5.169239,2520
G2600090,2590,11,3.981295,4320
G2100010,1975,11,6.791803,2520
G0801090,5258,11,8.086451,21240
G2700710,6106,11,8.983306,23760
G2902070,3231,11,7.150176,6480
G2902230,2530,11,7.419963,4320
G4000510,3223,11,6.150764,7560
G1302950,2300,10,7.205736,3960
G1901270,2490,11,7.434231,3600
G4701530,1848,11,6.289653,1440
G3100050,2351,11,5.492718,4320
G0100610,2308,10,6.486810,4320
G4803730,2750,11,7.493835,6120
G2000890,3037,11,7.096130,6120
G2901630,2688,10,6.454918,5400
G1700110,2812,11,6.209623,6120
G1200610,2178,11,6.562768,3960
G4801530,2564,11,5.661089,5760
G2101850,1682,11,6.806123,1080
G1800930,2234,11,6.509868,3240
G3000010,7667,11,5.921528,38160
G5100950,1466,11,7.316755,720
G3700630,1791,11,7.857911,1800
G4100530,2719,11,4.224799,5400
G4201250,2806,11,6.326860,5760
G1300590,1550,11,6.504574,720
G4000850,2320,11,6.373313,3960
G3600130,2860,11,5.006881,6840
G3100730,1933,11,6.131595,2880
G2900770,2593,11,7.169031,4320
G2001470,2870,11,6.288969,6120
G3400270,2078,10,5.746129,3240
G3500010,2932,11,4.744284,7560
G4200790,2984,11,6.162578,7200
G3101190,2207,11,6.931412,3240
G4802530,2889,11,6.211153,5760
G2601450,2837,11,4.666322,6120
G4804390,2677,11,6.092230,5760
G3701990,1706,11,6.410783,1800
G3800170,4026,11,8.942644,12960
G3600470,1689,11,4.920993,1080
G2701330,2175,11,9.040861,3240
G2201090,3105,10,5.191876,8640
G3000610,3323,11,4.440235,9360
G4804750,2528,11,6.887703,4680
G5600170,4306,11,6.626428,13680
G5500530,3211,11,6.739168,7560
G2800610,2307,10,7.688512,4320
G2801590,2504,11,7.429924,5040
G1303010,1739,11,6.955860,2160
G1800530,2284,11,5.656420,3240
G1700190,2947,10,5.786627,7200
G4803230,3441,11,7.296263,8280
G3500280,1474,11,7.488659,1080
G5000110,1866,11,5.394182,4680
G3900330,2349,11,4.998856,2520
G2101830,2392,11,6.712211,4320
G0800370,3569,11,6.951495,10440
G2701630,1834,11,8.120130,1800
G2901810,2484,11,7.510611,4320
G5101530,1958,11,6.929826,2520
G4000810,2803,11,6.327004,5760
G3701570,2557,11,6.820623,3960
G1900290,2412,11,7.574782,3240
G4000530,3097,11,6.393677,7200
G3000730,3851,11,5.628577,12240
G1301730,1440,11,6.889594,720
G1300710,2110,11,6.202430,3240
G2001570,2340,10,7.283003,4320
G1700210,2471,11,6.110851,3960
G1701710,1684,10,6.106887,1800
G1201170,1896,11,6.525220,2520
G4801890,2527,11,5.766922,5760
G2100770,1605,11,7.256685,720
G3900790,2283,11,6.747010,3600
G4900290,2108,11,5.111683,3240
G5101990,1592,11,6.495231,1080
G5101830,2241,11,7.651192,3240
G4100470,3034,11,4.036559,7920
G5400470,2194,11,6.266375,3240
G1301130,1653,11,6.228754,1080
G4900430,3849,11,6.636227,12240
G3600330,3803,11,5.588064,11880
G5100710,1843,11,6.871259,2520
G2900270,2957,10,7.025807,6840
G2001650,2217,11,6.149813,4320
G4200870,1992,11,6.221329,2880
G3200230,44043,11,4.166135,120600
G3600150,2001,11,5.561611,2520
G3101550,2539,11,7.432864,5400
G4802670,2978,10,6.604482,7560
G2600330,3666,11,5.118039,11520
G4804990,2498,11,6.023003,5400
G0601050,5205,11,4.875011,21960
G3800290,3836,11,7.422720,12600
G2405100,1380,10,6.167652,360
G1901430,2091,11,8.316954,3240
G4802010,3566,11,6.150786,11520
G4100610,4004,11,3.527754,13680
G0400190,10815,10,6.104140,58320
G3200050,2369,11,5.615347,4680
G1900550,2314,10,6.502458,4320
G2801270,2283,11,7.500932,4320
G1301670,1922,11,6.534519,2160
G4500630,2487,11,6.658932,5400
G3900450,2305,11,5.981821,4320
G3901610,1755,11,5.420427,2160
G1200370,1999,11,6.432922,2880
G3500490,3770,11,5.005916,12240
G3901510,1048,11,6.086352,4680
G3900210,2279,11,5.203942,2880
G2900990,2739,11,7.392918,5040
G0800490,4235,11,7.862133,12960
G1901890,2291,11,7.206299,3240
G2400090,1797,10,6.511687,1080
G4701170,2250,11,6.841325,2520
G3700970,2402,11,6.518211,3240
G2000130,2451,11,7.139851,3240
G2900030,2437,11,7.939039,2880
G4701430,2122,11,6.470029,2160
G3101230,3591,11,5.451990,9720
G4803510,2563,11,7.018160,4320
G1301070,2380,11,6.374938,4320
G3101510,2327,11,7.645392,3240
G1900870,2204,11,6.472286,2880
G1701950,2475,11,6.752232,4320
G4001390,4294,11,6.143821,13320
G3500250,6401,11,6.238909,27720
G1700790,2319,10,5.975837,3600
G2100410,1861,11,7.052108,720
G1600590,7002,11,5.116967,32760
G2800130,2581,11,7.281159,4680
G2800930,2455,10,7.262548,3960
G4100710,2720,11,4.188505,5400
G4200590,2358,11,6.436945,3960
G1302850,1900,11,7.260658,2160
G4900390,3897,11,6.087233,11160
G4201230,3020,11,5.622335,6840
G3700750,1814,11,6.183133,1800
G2900850,1837,11,7.493342,1800
G5101630,2296,11,7.098462,3600
G3400410,2033,11,6.232574,2520
G0800310,1599,11,4.844039,720
G4200090,3204,11,6.038822,6840
G3101730,2172,11,7.487871,3600
G4800950,3000,10,6.492534,6840
G3300130,3109,11,5.371583,7200
G2800150,2328,10,7.276110,3960
G5101950,2004,10,6.587939,2520
G3000910,3953,11,7.578542,11880
G3400230,1938,11,6.196070,2160
G4600750,2985,11,7.116143,7200
G2201210,1580,10,6.409023,1080
G4100130,5330,11,2.849655,20880
G4802350,2785,10,6.544199,6120
G4900570,2478,11,4.705815,4680
G1900610,2821,11,6.529452,5760
G1302450,1924,10,6.471145,2520
G2201190,2567,10,7.480605,3960
G4500410,2546,11,6.529878,5040
G3900590,2220,11,6.748236,3240
G2600910,2553,11,5.057145,5400
G1300650,2802,11,7.490706,5760
G0800670,3836,11,6.299225,10440
G2600150,1305,11,5.098743,3240
G2101230,2008,11,6.687953,1080
G2101010,2437,10,6.260723,3240
G0800970,3145,11,8.096452,6480
G2700790,2457,11,8.454250,3240
G5100030,2868,11,7.144109,5400
G4700170,2444,11,6.834092,3960
G4000990,2390,11,6.468403,3240
G1901290,1999,11,7.657979,2160
G1901690,2438,11,7.996135,3960
G2000190,2575,11,6.826935,4320
G3100690,4194,11,5.466413,12960
G1303050,2435,10,6.921095,3960
G0101290,3064,11,8.203520,7200
G3101370,2559,11,5.810438,3960
G1700490,2195,11,6.088176,3240
G2901210,2698,11,7.112019,5400
G4803410,3037,11,6.060469,6120
G5300710,3508,11,4.055583,8640
G1801550,1876,11,7.045529,1800
G2101610,1889,11,7.178168,1800
G1600230,4542,11,4.692699,15840
G2801390,1974,10,6.880655,2520
G0501190,2660,10,6.922762,5400
G4100030,2661,11,4.461322,5040
G5400450,2301,11,6.342611,3600
G4500590,2621,11,6.916280,4680
G4900310,2388,11,5.902121,4320
G3600950,2473,10,5.380031,3960
G5100630,2115,11,6.422099,2880
G2002070,2365,11,6.814865,3240
G2000630,2957,11,5.507867,6840
G4200410,2428,11,6.133414,3600
G0800410,4251,11,5.412438,13680
G3600010,2213,11,5.364329,3600
G3100370,2123,11,7.358923,2520
G3701930,2656,11,6.586602,5040
G2300090,4113,11,5.055429,12240
G2800510,2585,11,7.037061,4680
G3700870,2301,11,6.847470,3600
G3800730,2677,11,7.805269,5760
G3600850,1503,11,5.979109,360
G3100150,2353,11,7.645597,3600
G4800150,2361,11,6.075932,3960
G4900030,8435,11,4.373087,46440
G4800030,3642,10,6.251932,10080
G3205100,1681,11,3.424039,1080
G5501050,2525,11,5.575712,4320
G4500330,1843,10,6.882381,2160
G4803650,2402,10,7.044484,3960
G3700490,2631,10,7.565237,4680
G1700290,2346,9,5.827655,3960
G1800630,2013,11,5.672380,2520
G1201250,1747,10,7.813272,1440
G0800130,2665,11,5.138842,5040
G2600210,2222,11,4.378947,2880
G2901860,2614,10,7.111356,3240
G2100330,2063,11,6.843139,1800
G0800530,3536,11,9.139528,7920
G2700210,5098,11,8.397762,18000
G0500750,2642,11,6.846673,4320
G2901490,2654,11,7.623245,4320
G4700110,2259,11,6.976496,2880
G1901730,2415,11,8.258125,3960
G2900870,2353,11,8.053236,3600
G2900670,3209,11,7.520771,6480
G3000990,5034,11,5.181292,17640
G1300170,1749,10,6.600862,1440
G4803390,3239,11,6.929444,6480
G3101630,2513,11,6.163786,3960
G1700370,2476,11,5.855592,3600
G1700830,2043,11,6.481549,2160
G4803810,2934,11,5.695976,5760
G4700570,1958,11,6.408914,1800
G5401050,1837,11,6.928787,1440
G1801530,2375,11,6.198792,3960
G3000230,2649,11,6.239461,5400
G5100830,2602,10,7.423442,4680
G2801070,2426,10,6.641158,4320
G0201980,6874,11,2.730145,32400
G5400850,2374,11,6.525042,3600
G3700570,2212,9,7.209879,3600
G4900130,5280,11,6.777588,22320
G4200530,2023,11,5.700835,2520
G5100770,2503,11,6.578463,3600
G2000730,2917,11,6.996378,6840
G2001590,2665,11,6.536419,5400
G4201070,2629,11,5.964803,5040
G3500210,4513,11,5.264001,14040
G2600390,2388,11,4.883069,3600
G1900930,2348,11,7.734204,3960
G4000570,2151,11,5.669336,3240
G2600310,2919,11,4.560666,6120
G2801190,2245,10,6.282617,3240
G4100270,2444,11,3.754340,3960
G2700050,3608,11,8.121348,10080
G4400050,1557,11,3.133640,720
G4600970,2194,11,8.168867,3240
G4801230,2698,11,6.371633,5400
G3000350,5371,10,5.343600,22320
G4804130,3113,11,6.339347,7560
G3200190,4050,11,4.134442,13680
G1900050,2583,11,7.286340,4320
G4500390,2587,11,7.373211,4680
G0501030,2759,10,7.168151,5040
G1301590,1892,11,7.259418,2160
G1800450,1938,10,5.949486,2520
G3901270,2201,11,6.419347,3240
G1200070,1846,11,7.739753,1800
G3500330,4185,11,6.012016,13320
G3901030,2002,11,5.692781,2880
G1701630,2914,11,6.508978,4680
G2900310,2459,11,7.226804,3600
G1900630,2389,11,7.130844,3240
G5501070,3302,11,7.271121,7920
G4700990,2659,10,6.667295,4320
G5100650,2055,11,7.767716,1800
G4001410,2667,11,5.702777,4680
G1901790,2069,11,7.856279,2160
G5500650,2644,11,6.442344,3960
G4000410,2851,11,6.753927,5400
G2200110,3552,10,7.120977,9000
G1301270,1922,11,6.597268,2160
G2200850,2988,11,6.525416,6480
G3100610,2194,11,6.518358,3240
G2001030,2041,10,7.230849,2520
G1701410,2712,11,5.966764,5040
G0800090,4786,11,5.657896,17640
G2101190,1957,11,6.281732,2160
G2100150,1790,11,6.741801,1440
G2100810,1781,11,6.902200,1440
G1600250,2786,11,4.453407,7200
G3700530,1696,10,7.053294,1440
G2800170,2181,10,7.011190,3240
G5300490,3000,11,4.000046,6840
G0101170,2637,11,7.153070,5040
G0100270,2642,11,7.160240,4680
G3500550,4368,11,6.525871,15120
G3600230,2194,11,5.703874,3240
G5100910,2048,11,6.606607,2520
G2000270,2472,10,7.171491,4320
G1302910,2063,11,6.509579,2520
G0900130,2209,10,5.535801,2880
G0801230,6283,9,5.511044,27720
G2601070,2222,11,4.573442,3240
G3101830,2554,11,6.830076,4320
G4000090,2960,11,5.763292,6840
G2600990,2153,11,4.711327,2880
G4801610,2715,11,6.168979,5400
G1600170,4174,11,4.455105,14400
G3800130,3476,11,7.475177,8640
G1000050,2700,11,5.819612,5760
G4600830,2573,11,8.861293,4680
G4801490,2849,11,6.718402,6120
G3000070,3340,11,4.758283,9360
G4801030,2735,11,7.096648,5400
G4900370,10295,11,5.789846,52920
G5500110,2763,11,7.588258,5040
G0100370,2317,11,6.964368,3960
G0100130,2444,11,7.398735,5040
G2800990,2182,11,7.193557,3240
G3900390,2074,10,5.183007,2880
G3900650,2096,11,5.613092,3240
G4805070,3195,10,7.035533,8640
G2600770,2102,11,5.077480,5040
G1701510,2417,10,7.129234,2520
G4700870,2149,11,6.903270,2160
G2700150,3114,11,8.018652,5040
G2701310,2922,11,8.342968,5040
G4700230,2002,11,7.095063,1800
G4701010,2237,11,7.403424,2160
G4001190,2754,11,6.253448,4680
G1901810,2635,11,8.238317,3960
G5500430,3339,11,7.004129,7920
G4701230,2593,11,6.836332,4680
G2201270,2949,11,7.228971,6480
G4800510,2442,11,6.477374,4320
G0100350,2748,11,7.765814,5040
G3100990,2282,11,6.436673,3240
G1701230,2240,11,6.188468,3240
G1701050,3457,11,6.000357,7920
G4800110,2963,11,5.678307,5760
G2100530,1641,11,6.934138,1080
G2100630,1800,11,6.509761,1080
G3901410,2454,11,6.382461,4320
G1600710,3209,11,4.467864,8640
G3701950,1884,11,6.750387,2160
G3700130,2698,10,7.328601,5040
G4201270,2712,11,5.652840,5040
G1302470,1606,11,5.399294,720
G1300670,1776,11,6.746536,2160
G0801030,5155,11,5.870228,21240
G3600430,3356,11,5.551346,9720
G3701130,2326,11,6.402825,3600
G2001690,2933,11,6.956817,5760
G3400370,2181,11,5.649278,3600
G5400030,1826,11,6.684123,2520
G0800730,4573,11,5.330787,17640
G3600350,2084,10,5.726549,3240
G1901650,2461,11,7.510768,4680
G3700270,2208,11,6.806625,3600
G2600110,1867,11,4.589554,2520
G2800430,2017,10,6.945774,2880
G5101730,2038,11,6.598106,2880
G3800770,3297,11,7.797890,10080
G2400350,1873,11,5.390926,2160
G4601270,2328,11,8.406885,3960
G4803610,1941,10,6.291462,2880
G4100250,12781,11,2.950842,71640
G4800330,2717,11,6.190695,5760
G0601090,4365,11,5.311101,15840
G5500150,1808,11,5.475645,2160
G0500430,2459,11,6.945458,5040
G2800670,2003,10,7.707258,3600
G4500550,2510,11,6.934711,5040
G2600250,2533,11,5.070998,5040
G1800990,2123,11,5.027251,3240
G1200450,2126,11,6.411614,3600
G3600750,1832,11,5.262790,7560
G1801630,1838,11,6.176109,1440
G2001330,2238,11,7.255249,3240
G2700310,3733,11,7.937643,10800
G2701410,2351,11,7.734717,3600
G4701610,2167,10,7.004188,2880
G4001450,2211,11,6.490299,3600
G3700350,1943,10,6.965356,2520
G1900150,2221,11,7.770408,3240
G1901750,1945,11,7.688217,2160
G4701770,1904,11,6.679130,2520
G2200370,2059,10,7.274453,3600
G4804570,2662,10,7.191645,6480
G4800730,2985,11,6.677647,6480
G2001830,3098,10,6.650809,7920
G1701610,2085,11,6.439085,3240
G2901750,2239,10,7.157031,3960
G4800650,2650,11,5.761973,5760
G2100130,1909,11,6.405108,2520
G3900610,2103,11,6.342854,3240
G2102390,1493,11,6.565500,1080
G3200070,48867,11,3.878215,117000
G3701450,2006,10,7.581195,3240
G0501450,2822,11,6.951693,6840
G5400510,1866,11,6.572236,2160
G3700370,2583,10,7.748584,4680
G3701670,1824,10,8.145001,2520
G5600070,10507,11,5.438391,54360
G5000030,2465,11,5.459705,5040
G4100690,3791,11,3.211910,12240
G2001230,2328,11,6.854585,4320
G4200110,2737,11,6.279928,5760
G4100550,2627,11,3.562242,5760
G3200170,12887,11,4.089621,70200
G4201310,1923,11,5.607817,2880
G3100230,2157,11,7.634652,3960
G2000250,2552,11,6.067837,5760
G2601110,2327,11,4.905538,3960
G4802930,2772,11,6.462730,6480
G5101670,2198,11,6.564602,3600
G2700270,2776,11,8.607865,7200
G3400290,2310,11,5.188956,4680
G4600390,2311,11,8.303256,4320
G4804730,2344,11,6.510537,3600
G4100630,5798,11,3.857973,23760
G4804350,3328,11,6.729595,10080
G5600250,7097,11,5.937312,37440
G5500910,1593,10,7.796531,1440
G4804190,2801,10,7.442780,6120
G0100850,2642,10,7.191923,5040
G1300230,1525,10,6.550601,1440
G1701390,1589,11,5.786801,1800
G3900270,2063,10,5.927294,2880
G1200470,2182,11,7.169339,3240
G0201000,1206,11,1.977248,1080
G2101770,2486,11,6.768260,3240
G2901230,2331,11,7.484509,3600
G1901870,2595,11,8.148251,5400
G5501090,2705,11,8.173025,5400
G2400330,2345,11,6.693432,3600
G2101450,1791,10,6.850621,1080
G4000330,2589,11,6.115294,4320
G1901010,1929,11,7.437816,2160
G3101770,1992,11,8.078465,2520
G2902150,3314,11,7.462784,8280
G2800350,2176,11,7.564498,3240
G2201250,1954,10,7.239377,2880
G4802250,3117,11,6.883223,8280
G3100350,2435,11,7.028128,4320
G1701310,2290,10,6.463582,3240
G1700390,2214,11,5.780979,2880
G4803570,2949,11,6.202670,5760
G5101050,2044,11,6.273226,3240
G1800050,1909,11,6.044611,2880
G2100650,1715,10,6.239045,1800
G1600650,2245,11,5.254082,3600
G5100330,2187,11,7.660264,3600
G5100730,1782,11,6.924551,1440
G4200730,1583,11,6.409311,1440
G0100190,2040,9,7.200536,3600
G3700450,2077,11,6.534925,3600
G5600410,4206,11,5.498836,14040
G2601310,3330,11,6.033968,9720
G5101970,2131,11,6.542106,3600
G2001970,2525,10,7.327368,5760
G3600870,1670,11,5.603479,1440
G5300630,4027,11,3.950260,13680
G0800050,2607,11,5.264569,6120
G4200150,3042,11,5.666149,7920
G5501250,2808,11,6.724175,6480
G4001530,2991,11,5.889040,7560
G5000010,2394,11,6.436541,5040
G4800370,2508,11,6.206975,5400
G5101850,2306,11,6.196054,3240
G3800570,2887,11,6.369028,7560
G1000030,1851,11,6.108805,2520
G1900410,2267,11,8.135051,4320
G2200070,1893,11,5.882424,2160
G1600670,2473,11,4.593232,5400
G0600370,5723,11,5.022901,26640
G3200150,7194,11,3.659406,36360
G5501170,2341,11,4.612019,3960
G2200270,2324,10,6.952230,4680
G1302110,1644,10,6.927314,1800
G2200170,2557,11,6.605554,6120
G1801810,2087,10,5.275551,3240
G2601210,2110,11,4.087972,3600
G1201230,2865,11,6.426842,7560
G3600670,1889,11,5.433283,5760
G2101490,2142,11,6.381018,1800
G2901890,2462,11,6.466812,3600
G1900810,2453,11,7.211845,3960
G2700170,3190,11,8.824346,7200
G4701570,2852,11,6.505641,6120
G5100470,1810,11,7.242739,1800
G1300550,1767,11,6.944677,1800
G2900750,2208,11,7.649007,3600
G1901530,2608,11,7.748681,4680
G2001550,3423,11,6.413022,8640
G1200390,2164,11,7.066499,3240
G1301610,1821,10,6.600129,2160
G0600590,2330,11,4.641917,4320
G3101810,2273,11,6.570542,3600
G2900370,2251,11,6.910118,3600
G2902050,2109,11,6.892346,3240
G4801110,3215,11,5.786507,8640
G2101950,2554,10,6.213403,5040
G5400990,2397,11,6.531892,3600
G1700330,2043,10,6.265103,3240
G4900050,3146,11,5.139743,7560
G2801370,2167,11,6.258251,3240
G0500670,2444,11,6.607442,4680
G2601130,2271,11,4.958520,3960
G3701510,2475,10,7.650436,5040
G1301490,1730,10,6.997513,2160
G0800230,3271,11,7.151733,9000
G3601230,1880,11,5.586265,2520
G5300030,2470,11,3.764824,4320
G2900390,2175,10,7.072822,3240
G0900150,1863,10,5.428220,2520
G5300410,4500,11,4.019858,17280
G3000110,5802,11,6.563743,24840
G4200250,1798,11,5.395059,2160
G1900090,2222,11,7.456809,3960
G4000550,2308,11,5.723663,3960
G2600970,3345,11,4.873346,7560
G4802510,2332,11,5.907666,4680
G5300570,4065,11,3.284477,14040
G4601290,2605,11,7.716671,5760
G4400090,1705,10,5.180262,1800
G3100430,1589,11,7.692684,1440
G4800390,3212,11,6.000760,9000
G4100450,12580,11,3.051468,69840
G4801050,4624,11,6.756563,18720
G5600190,6209,11,7.177415,28440
G1701110,2252,11,5.440643,3960
G2801230,2071,11,7.728878,3600
G1300790,1843,11,7.212359,2160
G4804010,2746,10,6.621499,6480
G1700750,3234,11,5.606021,8640
G1800150,2049,11,5.481180,2880
G4804790,5090,11,6.886489,21960
G2601010,1312,11,4.333274,3960
G1700550,1961,11,6.580379,2520
G1701270,1796,10,6.898595,1440
G2701390,1803,11,7.692034,2160
G2701710,2397,11,8.263818,5040
G4701190,2384,11,6.927389,4320
G4700210,1551,10,7.023440,1440
G4000270,2262,11,6.264876,3960
G1901230,2350,11,8.108806,4320
G2902110,2019,11,7.873423,3240
G5107700,1296,10,7.673202,360
G0100250,3105,11,8.110622,7560
G1300930,1807,11,6.513720,2160
G2800470,2435,11,7.210600,3960
G3100190,2967,11,6.292078,6480
G2900950,2453,11,7.241623,3600
G1701350,2406,10,5.817534,3960
G4800690,2960,11,5.890517,6120
G2100250,2096,10,6.508781,2880
G2101670,1763,11,6.804867,1440
G3901150,2068,11,6.267045,2520
G3000310,4997,11,5.822365,18360
G5101190,1675,11,6.301264,1080
G3700150,2528,11,7.064519,3960
G4201290,3072,11,6.166248,7200
G1301710,1528,11,7.196835,720
G3700030,1785,11,6.939099,1440
G0801130,3647,11,6.277008,9360
G3600770,3100,11,5.519193,7560
G5101550,1949,11,6.791943,1800
G2901410,2496,11,7.389110,4320
G2300310,2996,11,5.474963,6840
G4100430,4773,11,4.261149,16920
G3101110,4559,11,5.795391,16200
G2600350,2475,10,4.777686,4320
G3100210,2156,11,8.127098,2880
G4801250,2923,11,5.965305,6120
G2300290,5264,11,5.271453,20160
G2801490,2370,11,6.649209,3960
G5300510,3796,11,4.310407,11160
G3800270,2625,11,8.525935,4680
G3600610,1461,11,5.108134,360
G4600650,2620,11,7.660685,5400
G4800890,2789,11,6.303974,6120
G0600490,6153,11,3.162044,29160
G4804510,3927,10,6.440339,11880
G5600210,4798,11,5.002030,17640
G1900650,2679,10,6.622491,5040
G0101070,2731,11,7.190884,5760
G0100470,2797,10,7.313239,6480
G1302690,1975,11,6.761914,2160
G3900470,2045,11,5.811157,2880
G1801070,2359,11,5.887106,3240
G1200410,1889,11,6.570357,1800
G2601650,1287,11,4.903488,4680
G1700270,2408,11,6.260506,2520
G1701930,2036,11,6.210582,2520
G2700970,3648,11,7.963213,7920
G2700530,2632,11,8.107143,4680
G4700850,2386,11,7.064072,3240
G4701250,2702,11,6.499935,3960
G4001110,2541,11,6.332238,3600
G1901570,2409,11,7.880387,3240
G1900710,2322,11,7.407916,3240
G2900930,2460,11,7.349529,3600
G4802410,2942,11,7.183683,6480
G1201330,2580,11,6.889588,3600
G2200590,2295,10,7.057589,3240
G3100010,2294,11,6.599682,3240
G1701730,2638,10,6.030693,5040
G2000870,2430,10,7.520817,4320
G4801170,3643,11,5.883570,10080
G2100450,2229,11,6.812329,2880
G2100730,1584,11,6.430599,720
G2100430,2146,11,6.863854,2880
G1600110,4526,11,4.936522,14400
G2800710,2548,11,6.950278,4320
G5100930,1950,11,6.951707,2160
G5400150,2057,11,6.315260,2160
G0100090,2323,10,6.960703,3960
G4500010,2254,11,7.273221,3240
G0800450,5129,11,6.375259,20160
G3601210,2643,11,5.002555,5040
G1600090,2722,11,4.593000,5400
G2902290,2606,11,7.244421,4320
G0900050,2950,11,5.648244,6120
G5300130,2933,11,3.963227,6840
G3000650,4073,11,6.167931,13680
G5000170,2423,11,5.793064,4320
G5500030,3076,11,7.091566,7200
G4801290,2734,11,5.775658,5760
G2600570,2215,11,4.577222,3240
G0500010,3023,10,6.295434,6840
G4701710,1600,11,6.930068,1080
G3800490,4325,11,7.070547,14040
G2400390,2037,11,5.261732,2160
G4600030,2816,11,8.066636,5760
G4802550,2598,11,6.288470,5040
G3000530,6147,11,5.088840,27360
G4803290,2757,11,6.833704,5760
G5600030,5421,11,7.269296,23040
G5500170,3035,11,7.412883,6840
G1300350,1757,11,7.216604,1440
G4500470,2149,11,7.414687,2880
G1300210,1784,10,6.652304,1440
G3900630,2271,10,5.140151,3960
G1801710,1977,11,5.723620,2160
G1200670,2277,11,6.896328,3240
G3900910,2005,11,5.925010,2880
G1701810,2281,10,7.004659,2520
G1701850,1885,11,6.195049,1440
G2700750,5255,11,8.869567,18360
G2701610,2015,11,7.975719,2160
G4701050,1840,11,6.525322,1440
G4700370,2567,10,6.311888,3600
G0100790,2493,10,6.663425,4320
G3101530,1811,11,8.231458,1440
G1900770,2576,11,7.929054,4320
G4700070,2201,11,6.537325,2880
G1300810,1957,9,6.371631,2160
G1200910,2997,11,6.763312,6120
G1300310,2589,11,6.184309,4680
G3100930,2560,11,6.458733,4320
G1901390,2397,11,6.593552,3600
G1901770,2518,11,7.189193,4320
G4803930,2857,11,5.589076,5760
G5300250,5342,11,3.439002,21240
G1801050,1954,11,6.345739,2160
G2100790,1748,10,6.656025,1440
G0600910,2931,11,4.395907,6120
G5105500,2073,10,7.360226,2520
G0500630,2694,11,7.080689,3960
G5400490,1878,11,6.402138,2160
G1302230,2188,10,6.787255,2520
G3700070,2276,11,7.554170,3240
G5600290,9264,11,6.966569,49680
G3300070,4176,11,5.482624,13320
G5100450,1862,11,6.852780,2160
G2901390,2022,11,6.855744,2160
G4200570,2264,11,6.200054,3240
G4100190,7238,11,4.807791,35280
G3101130,2421,11,5.326218,3960
G3600390,2596,11,5.569835,4680
G3101850,2232,11,7.432203,3240
G4802950,2857,11,5.838064,6120
G3600570,2082,11,5.444012,2520
G4804230,2888,11,5.930273,6480
G0601070,6881,11,6.311145,32040
G4600210,2803,11,7.680116,5760
G2400470,2139,11,5.732402,2880
G4601090,3184,11,7.973081,7560
G2200530,2461,11,6.002876,4320
G4100010,5470,11,3.293326,21600
G0601110,4139,11,5.891684,12240
G3500450,7387,11,5.688826,36360
G1900670,2310,11,6.554485,3240
G0500250,2460,11,7.126075,3600
G3701290,1758,10,6.540153,1440
G1300730,1896,11,7.460532,2160
G2600590,2601,11,5.285296,5040
G3901230,1983,11,4.712214,2160
G4801270,3398,11,7.018985,8640
G2600610,1528,11,5.726547,7920
G1800250,2213,11,6.576648,1800
G2102270,2560,11,6.741612,3600
G2701470,2290,11,8.223178,3240
G1901510,2397,11,7.758157,3240
G0500210,2505,11,6.571675,3960
G4701350,2331,11,7.225749,3240
G4000870,2512,11,6.553223,3600
G2901710,2334,11,8.337052,3240
G1901590,2271,11,7.879233,3240
G5106600,1504,10,7.709211,360
G1301790,2148,11,6.871554,3240
G1300910,2127,9,6.523048,2880
G0100030,3706,11,7.382403,10440
G2002010,2971,11,7.332835,5760
G1700930,2152,11,5.734989,2520
G4802970,3049,10,6.236121,6840
G4801950,2879,11,6.174526,6120
G4701510,2180,11,6.530061,2880
G2102070,1932,11,6.734243,1800
G1801170,2702,11,6.473160,3240
G1600330,3922,11,4.654713,12600
G0501470,2373,10,6.861832,3600
G5101110,2086,11,7.358398,2880
G3901110,2357,11,6.797637,3600
G1302330,2120,11,7.506391,2520
G4804870,3114,11,5.886061,6840
G5600350,7306,11,6.941024,34200
G3600410,4095,11,5.755222,12960
G5101210,1938,11,6.958192,2520
G2901130,2415,11,6.598774,3600
G4200930,1676,11,6.367376,1080
G4100490,4530,11,3.553456,15120
G4601130,4332,11,5.603113,14760
G3601110,3170,11,5.933693,7560
G3101590,2232,11,7.242296,3240
G4801910,2803,11,5.921572,5760
G5500830,3050,11,5.460157,7200
G4803490,3055,11,6.303922,7200
G0600390,4162,11,5.349026,14400
G4600910,2779,11,7.297428,5400
G5100430,1794,11,7.279884,1080
G3100030,2651,10,6.832723,5400
G2201130,3208,11,5.652014,8280
G3000890,5451,11,4.732863,20520
G4804950,2800,10,6.366406,5760
G4900550,4681,11,5.834746,17280
G1900230,2325,11,7.423884,3240
G4500610,1794,11,6.506080,1800
G2801030,2543,11,7.081459,4320
G3701530,2406,11,7.605686,3960
G1801650,1828,11,5.871568,1800
G2600450,2142,11,5.349275,3240
G1200650,2493,11,7.293512,3960
G3600630,2233,11,4.541082,3600
G1701890,2620,11,6.395998,4320
G2905100,1517,11,7.429555,360
G2700910,2618,11,7.471719,4320
G5500050,3510,11,7.940692,9000
G4001050,2786,11,6.706212,4320
G2100830,2651,10,6.555062,5040
G4001350,2566,10,6.644567,4320
G2901970,1959,11,7.327572,1800
G5501230,2814,11,7.318259,5400
G4701850,2276,11,6.597153,3600
G1201310,2959,11,6.389073,5760
G2200630,2601,11,7.209086,4320
G1302610,2456,11,6.567431,3600
G1701170,2995,10,6.244530,7200
G2900490,2250,11,7.227938,3240
G1200270,2298,11,6.011338,3600
G4804370,2858,11,5.770400,5760
G4701370,1680,11,7.061405,720
G2101810,1764,10,7.557098,1080
G2100690,2168,11,7.149568,2880
G1600150,4150,11,3.733427,13680
G3701310,2234,11,7.019257,3240
G3700730,1972,11,7.074429,2160
G5100270,2334,11,6.394015,3600
G0100750,2350,11,7.106667,3600
G0500970,2688,10,6.986172,5760
G0800330,2949,11,5.913820,6840
G3600030,3112,11,5.405039,7200
G2901610,2492,11,7.647969,4680
G2901310,2477,11,7.479873,4680
G3600790,1830,11,5.611533,1800
G0600890,5876,11,4.728450,26280
G3001110,5276,11,6.214994,21240
G4200890,2572,10,5.703244,4680
G5500990,3512,11,7.161968,9720
G4001290,3034,11,5.657874,7200
G2600410,2963,11,4.968844,7560
G2801630,2740,11,6.585859,5760
G0600170,3656,11,4.888181,11520
G4600450,3014,11,7.255409,6480
G3400070,1800,11,5.839921,1440
G4600990,2528,11,8.954451,5400
G2200330,1930,10,6.799105,2880
G4100350,8401,11,3.503249,42120
G4804310,2879,11,6.671377,6480
G4900470,6663,11,6.190232,29880
G5500890,1484,11,4.787083,1080
G4500510,2904,11,6.676955,7560
G1302070,1830,11,7.257198,2520
G1301650,1978,11,6.411405,2520
G3900570,2216,11,5.952410,3240
G2601490,2276,11,4.722923,3600
G4803110,2813,11,6.831921,7200
G2601050,1778,11,4.129911,2880
G2900510,2181,11,7.178721,2160
G2100290,1879,11,6.862702,1440
G2700370,2383,11,8.440005,4320
G1900830,2699,11,7.891484,4320
G5100610,2689,11,7.212593,4320
G4700950,1756,11,6.616956,1440
G3700590,1589,10,6.541189,1440
G1901450,2348,11,7.857842,3600
G1901170,1997,11,7.924072,2880
G2001730,2916,11,6.823250,6480
G1301310,2335,9,6.511386,3600
G1302050,2129,9,6.187162,3240
G4802890,3101,11,6.525258,7200
G1701690,1901,11,6.266561,2160
G1700170,1989,11,6.237932,2160
G1200690,3144,11,7.019304,7920
G4802330,2640,11,5.843493,5760
G4700670,1488,11,5.951519,1080
G2101550,2073,11,7.350677,2880
G1800710,1991,11,6.576463,2160
G1600290,3912,11,5.101748,11160
G5107600,1485,11,6.415752,360
G5101750,2290,11,6.919921,3960
G3900830,1968,11,6.161257,2880
G4804850,2359,11,6.215263,3960
G1301990,2157,11,7.026647,3240
G5600370,13145,11,6.012385,72360
G5400010,2002,11,6.189731,2160
G2900150,2349,11,7.364342,4320
G2900650,2359,10,7.361108,5040
G3400310,1593,11,5.294223,1440
G4100650,4626,11,3.522406,16920
G3000150,6358,11,5.721528,29160
G4200810,3277,11,5.751300,8280
G1900470,2210,11,7.879584,4320
G4000430,3137,11,6.026681,8640
G2600470,2104,11,4.090700,2520
G4803970,1779,11,6.093558,1440
G0600190,7679,11,6.005717,40320
G3800150,4088,11,7.310211,13320
G2500070,1427,11,1.186235,720
G2700630,2487,11,9.053179,4320
G4801990,2669,10,6.923589,5760
G3000630,4747,11,4.457821,18360
G4803710,6229,11,7.328088,29880
G3000950,3595,11,6.315455,11520
G5500780,2064,11,6.010187,2520
G4500370,2211,11,8.013076,3240
G0101250,3400,11,7.075817,7920
G2800310,1988,10,7.591735,3600
G1700530,1923,11,5.562084,3240
G1800310,1770,10,6.103657,2520
G1201210,2189,11,6.681964,3960
G2600550,1929,11,4.606673,3240
G1700870,2193,10,6.882199,3240
G2102330,1847,11,6.596235,1800
G2700850,2934,11,7.728176,4680
G2701570,2593,11,7.889599,3960
G4001310,2518,11,6.575427,4680
G2102210,2622,11,6.652721,3600
G0501310,2533,10,6.835734,4320
G1900070,2289,11,8.314822,3240
G2901470,3082,11,8.304166,7200
G4700150,2044,11,6.796510,2160
G2800590,2505,10,7.249553,4320
G0100990,2998,11,8.093341,7200
G2200290,2534,10,6.252106,4680
G1900570,2327,11,6.627918,3240
G1901830,2325,11,6.765173,4320
G4800610,2576,11,5.419942,5400
G0801250,4827,11,5.218147,16200
G5300010,4506,11,3.558775,14040
G1801190,2056,11,6.530248,2880
G5400390,2649,11,6.587612,5760
G3000430,3688,11,5.415802,11520
G5107000,1522,11,6.954091,360
G3700650,2155,10,6.548440,3240
G5400730,1639,11,6.668135,720
G1301470,1797,11,7.399749,1440
G3701250,2445,11,7.483145,5040
G0801070,4422,11,6.110106,16560
G2600130,2786,11,6.207388,6480
G2901450,2275,11,6.925442,3240
G2900550,2826,11,7.442680,5400
G3300010,2256,11,5.847178,3600
G0600330,3201,11,5.216681,8640
G3000510,3795,10,6.303028,11520
G5500690,2862,11,6.575096,5760
G0600830,4680,11,5.482856,17640
G4800450,2552,11,5.804355,5760
G2601290,2215,11,4.976638,3240
G2800830,2100,10,6.375528,3600
G0600430,3894,11,4.824572,9720
G3801050,4500,11,7.722791,16560
G2500230,2320,11,4.653501,4680
G4601010,2081,11,8.514342,3240
G4804810,2836,11,6.086555,7200
G1600310,4826,11,4.330257,17280
G0400130,11110,11,5.767184,59040
G4900010,4661,11,4.336412,17280
G5500730,3606,11,6.508629,11160
G2200730,2234,11,6.689548,3960
G0100870,2316,11,7.396385,3960
G2801530,2589,11,7.780720,5040
G1801330,2169,11,6.434794,3240
G2600490,2262,11,4.703015,3960
G1200890,2215,11,7.234302,4320
G2600050,1186,11,4.704016,7200
G2901830,2481,10,6.636589,3600
G1800610,2223,11,6.907934,2880
G2700030,2201,11,8.559483,3600
G2700610,5253,11,9.151396,22680
G2101430,2029,11,6.704538,2160
G0501350,2251,11,7.192808,3240
G4001010,2810,11,6.241405,5400
G1900510,2243,11,8.065070,3240
G3100970,1855,11,7.492315,2160
G4000710,2711,11,6.773708,6120
G1300370,1371,11,7.431207,720
G2201050,2685,11,7.348602,4680
G0600310,3087,11,5.172467,8280
G1900450,2511,11,6.604672,5400
G1901150,2004,11,6.437514,2880
G1200090,2797,11,6.380445,6120
G4000250,3558,11,5.950885,12240
G2101310,1910,11,6.296968,2520
G5400110,1883,11,6.530961,2160
G1800430,1386,11,6.286379,720
G1600050,3278,11,4.792403,9360
G3701810,1713,11,7.234450,1800
G0501170,2565,11,6.651514,4680
G5400050,2098,10,6.297590,3240
G4500730,2350,11,6.428699,4320
G4000950,2096,11,6.437959,3240
G4900090,2402,11,6.779269,4680
G4200630,2570,11,6.209251,5760
G2000170,2499,11,6.814684,5400
G2000590,2094,10,6.804226,3240
G4400070,1923,11,5.294457,2880
G4100290,4845,11,4.548285,20160
G3101170,2886,11,5.845163,7200
G4200130,2218,11,5.595093,3960
G4803990,2607,11,6.605200,5760
G4800750,2376,11,5.903526,4320
G2601630,2330,11,4.766122,4320
G4801130,2507,11,5.806962,5760
G3800690,3160,11,6.923978,9000
G2700290,3357,11,8.643494,9000
G5400370,1587,11,7.015534,1080
G4600590,3485,11,8.182736,9360
G4803210,3185,11,5.347719,7560
G3200290,1661,11,3.575617,1800
G4802270,2527,10,6.326367,5760
G4900230,5318,11,3.993729,23400
G5501350,2480,11,5.672751,4680
G4500430,2610,11,7.168727,5400
G2800690,2210,11,7.565551,4320
G0100510,2295,11,6.802122,4320
G1801610,1732,11,6.091412,1440
G1800070,2221,11,5.503886,3240
G1300250,2220,11,7.300989,3240
G3600510,1638,11,5.596820,3240
G2100550,1963,10,6.657228,2520
G1801470,2326,11,6.284151,2880
G2700570,2836,11,8.089254,6480
G2700090,1886,11,7.740959,2160
G4000970,2430,11,6.734621,3960
G4700430,2324,11,6.962334,3240
G5100310,2308,11,7.163344,3960
G1900390,1898,11,7.757056,2160
G0500870,2546,11,6.695841,5040
G5100790,1573,11,7.792879,720
G1302830,1566,11,6.374782,1440
G1303090,1579,11,6.839812,1440
G2800010,2021,11,7.152816,3240
G2000910,2221,10,7.238486,3240
G2000050,2014,11,7.614637,2520
G1201050,4010,11,6.522088,13320
G2001990,2934,11,5.746677,6840
G2101470,2133,11,6.516028,3240
G2101650,1662,10,6.709429,1440
G3901050,2140,11,6.573804,3600
G1600190,3946,11,4.937583,13320
G5101350,1713,11,7.308009,1800
G3701470,2366,11,6.724174,4320
G3900290,2081,11,6.073175,3240
G3701350,2058,11,7.617565,2880
G1301570,1993,11,6.956441,2160
G5600390,6700,11,5.994425,29520
G5000090,2443,11,5.469188,5040
G2001430,2455,10,7.069575,5040
G2000610,1579,11,6.978405,1440
G5400650,1541,11,6.961166,1440
G5300230,2470,11,3.896596,4680
G3000870,7330,11,7.190175,36720
G3601130,2923,10,6.154796,5760
G0600790,5420,11,5.634893,21960
G3701490,1660,11,6.346653,1080
G2601250,2717,11,4.548770,5760
G4801830,1745,11,5.817270,1800
G3800790,2816,11,7.446265,5760
G3800650,2627,11,6.310880,5040
G3400050,2616,11,5.743913,5400
G4601230,4162,11,7.002165,12960
G2200750,3179,11,5.346938,7920
G1600790,4835,11,4.237866,19440
G0600650,9133,11,6.051796,46440
G5501390,2616,11,5.629975,5400
G5500010,2492,11,6.188630,4680
G3701330,2609,10,7.094022,5400
G4500350,2194,11,7.175591,3240
G1303070,1597,11,6.550527,720
G1800890,2508,11,5.246313,3960
G1700410,2065,11,6.032571,2880
G1200010,2958,11,7.063229,6480
G2601590,2076,11,4.535480,3960
G2100270,2654,11,6.772835,4320
G4701110,2104,11,6.830227,2160
G2701030,2608,11,8.366243,3600
G2700390,2154,11,8.033337,2160
G4701810,2627,11,6.962387,4320
G5101370,2227,11,7.980096,2880
G4701270,1750,11,6.744824,1080
G3100250,2519,11,7.812575,3600
G0501290,2676,11,7.081399,4320
G2001910,3746,11,6.444626,9000
G0100670,2424,11,6.948070,3960
G0100690,2319,11,6.776946,3960
G1302710,2330,10,6.553687,3240
G1701670,2998,10,5.985958,6480
G1700890,2505,11,5.636168,4320
G4802610,3131,11,5.974533,7200
G2001890,2802,11,6.018762,5760
G4700290,2152,11,6.959402,2880
G2101910,2052,11,7.280370,2160
G2101970,1697,9,6.922059,1080
G3000810,4642,11,4.688245,16920
G5100490,2008,11,7.452365,2160
G2801610,2002,10,6.672735,2880
G3600070,2535,11,5.890136,4320
G4500070,2599,11,6.879057,5040
G0500590,2469,11,7.415522,3960
G4900410,4151,11,6.289049,12960
G3600170,2861,11,5.688928,6120
G2000310,2196,10,7.120473,3240
G2902210,2970,11,7.277148,5040
G4200010,2182,11,6.418974,3240
G4100310,4290,11,3.429853,13320
G3000170,6168,11,7.494246,26640
G3100850,2656,11,5.934872,5400
G4802650,3177,11,6.822400,7560
G1301870,1895,11,6.419506,1800
G2800110,2817,11,6.068101,6120
G2801250,2218,11,6.229818,3240
G3800450,2747,11,7.535145,6480
G3800190,3843,11,7.460814,11880
G3400330,1959,11,5.789422,2160
G4601110,2481,11,8.549426,3960
G2200230,3685,10,5.265024,10800
G3000290,7993,11,5.375200,39600
G0600290,10329,11,5.723380,52920
G1900370,2143,11,7.136830,3240
G5501270,2241,11,5.611969,3240
G3700170,2651,11,7.230740,5760
G1301810,1748,11,7.458588,1440
G2800230,2520,11,7.679726,5040
G3901430,2083,11,5.158985,2880
G1801450,2176,11,6.038546,2880
G4800130,3077,11,6.547314,7920
